{"credit":"Made by sniffercraft34","textures":{"particle":"block/gilded_blackstone","ore":"block/gilded_blackstone","glow":"block/gilded_blackstone_glow"},"elements":[{"from":[0,0,0],"to":[16,16,16],"faces":{"north":{"uv":[0,0,16,16],"texture":"#ore","cullface":"north"},"east":{"uv":[0,0,16,16],"texture":"#ore","cullface":"east"},"south":{"uv":[0,0,16,16],"texture":"#ore","cullface":"south"},"west":{"uv":[0,0,16,16],"texture":"#ore","cullface":"west"},"up":{"uv":[0,0,16,16],"texture":"#ore","cullface":"up"},"down":{"uv":[0,0,16,16],"texture":"#ore","cullface":"down"}}},{"from":[3,0,-0.001],"to":[4,1,-0.001],"light_emission":15,"rotation":{"angle":0,"axis":"y","origin":[8,8,8]},"faces":{"north":{"uv":[12,15,13,16],"texture":"#glow","cullface":"north"}}},{"from":[8,9,-0.001],"to":[9,10,-0.001],"light_emission":15,"rotation":{"angle":0,"axis":"y","origin":[8,8,8]},"faces":{"north":{"uv":[7,6,8,7],"texture":"#glow","cullface":"north"}}},{"from":[2,15,-0.001],"to":[3,16,-0.001],"light_emission":15,"rotation":{"angle":0,"axis":"y","origin":[8,8,8]},"faces":{"north":{"uv":[13,0,14,1],"texture":"#glow","cullface":"north"}}},{"from":[15,12,-0.001],"to":[16,13,-0.001],"light_emission":15,"rotation":{"angle":0,"axis":"y","origin":[8,8,8]},"faces":{"north":{"uv":[0,3,1,4],"texture":"#glow","cullface":"north"}}},{"from":[14,13,-0.001],"to":[15,14,-0.001],"light_emission":15,"rotation":{"angle":0,"axis":"y","origin":[8,8,8]},"faces":{"north":{"uv":[1,2,2,3],"texture":"#glow","cullface":"north"}}},{"from":[6,6,-0.001],"to":[7,7,-0.001],"light_emission":15,"rotation":{"angle":0,"axis":"y","origin":[8,8,8]},"faces":{"north":{"uv":[9,9,10,10],"texture":"#glow","cullface":"north"}}},{"from":[1,3,-0.001],"to":[2,4,-0.001],"light_emission":15,"rotation":{"angle":0,"axis":"y","origin":[8,8,8]},"faces":{"north":{"uv":[14,12,15,13],"texture":"#glow","cullface":"north"}}},{"from":[0,4,-0.001],"to":[1,7,-0.001],"light_emission":15,"rotation":{"angle":0,"axis":"y","origin":[8,8,8]},"faces":{"north":{"uv":[15,9,16,12],"texture":"#glow","cullface":"north"}}},{"from":[9,3,-0.001],"to":[10,5,-0.001],"light_emission":15,"rotation":{"angle":0,"axis":"y","origin":[8,8,8]},"faces":{"north":{"uv":[6,11,7,13],"texture":"#glow","cullface":"north"}}},{"from":[3,9,-0.001],"to":[4,12,-0.001],"light_emission":15,"rotation":{"angle":0,"axis":"y","origin":[8,8,8]},"faces":{"north":{"uv":[12,4,13,7],"texture":"#glow","cullface":"north"}}},{"from":[8,1,-0.001],"to":[9,3,-0.001],"light_emission":15,"rotation":{"angle":0,"axis":"y","origin":[8,8,8]},"faces":{"north":{"uv":[7,13,8,15],"texture":"#glow","cullface":"north"}}},{"from":[0,10,-0.001],"to":[1,12,-0.001],"light_emission":15,"rotation":{"angle":0,"axis":"y","origin":[8,8,8]},"faces":{"north":{"uv":[15,4,16,6],"texture":"#glow","cullface":"north"}}},{"from":[1,14,-0.001],"to":[2,16,-0.001],"light_emission":15,"rotation":{"angle":0,"axis":"y","origin":[8,8,8]},"faces":{"north":{"uv":[14,0,15,2],"texture":"#glow","cullface":"north"}}},{"from":[10,5,-0.001],"to":[12,6,-0.001],"light_emission":15,"rotation":{"angle":0,"axis":"y","origin":[8,8,8]},"faces":{"north":{"uv":[4,10,6,11],"texture":"#glow","cullface":"north"}}},{"from":[1,2,-0.001],"to":[3,3,-0.001],"light_emission":15,"rotation":{"angle":0,"axis":"y","origin":[8,8,8]},"faces":{"north":{"uv":[13,13,15,14],"texture":"#glow","cullface":"north"}}},{"from":[5,13,-0.001],"to":[7,14,-0.001],"light_emission":15,"rotation":{"angle":0,"axis":"y","origin":[8,8,8]},"faces":{"north":{"uv":[9,2,11,3],"texture":"#glow","cullface":"north"}}},{"from":[4,12,-0.001],"to":[6,13,-0.001],"light_emission":15,"rotation":{"angle":0,"axis":"y","origin":[8,8,8]},"faces":{"north":{"uv":[10,3,12,4],"texture":"#glow","cullface":"north"}}},{"from":[9,8,-0.001],"to":[11,9,-0.001],"light_emission":15,"rotation":{"angle":0,"axis":"y","origin":[8,8,8]},"faces":{"north":{"uv":[5,7,7,8],"texture":"#glow","cullface":"north"}}},{"from":[3,7,-0.001],"to":[6,8,-0.001],"light_emission":15,"rotation":{"angle":0,"axis":"y","origin":[8,8,8]},"faces":{"north":{"uv":[10,8,13,9],"texture":"#glow","cullface":"north"}}},{"from":[11,14,-0.001],"to":[14,15,-0.001],"light_emission":15,"rotation":{"angle":0,"axis":"y","origin":[8,8,8]},"faces":{"north":{"uv":[2,1,5,2],"texture":"#glow","cullface":"north"}}},{"from":[-0.001,0,12],"to":[-0.001,1,13],"light_emission":15,"rotation":{"angle":0,"axis":"y","origin":[8,8,8]},"faces":{"west":{"uv":[12,15,13,16],"texture":"#glow","cullface":"west"}}},{"from":[-0.001,9,7],"to":[-0.001,10,8],"light_emission":15,"rotation":{"angle":0,"axis":"y","origin":[8,8,8]},"faces":{"west":{"uv":[7,6,8,7],"texture":"#glow","cullface":"west"}}},{"from":[-0.001,15,13],"to":[-0.001,16,14],"light_emission":15,"rotation":{"angle":0,"axis":"y","origin":[8,8,8]},"faces":{"west":{"uv":[13,0,14,1],"texture":"#glow","cullface":"west"}}},{"from":[-0.001,12,0],"to":[-0.001,13,1],"light_emission":15,"rotation":{"angle":0,"axis":"y","origin":[8,8,8]},"faces":{"west":{"uv":[0,3,1,4],"texture":"#glow","cullface":"west"}}},{"from":[-0.001,13,1],"to":[-0.001,14,2],"light_emission":15,"rotation":{"angle":0,"axis":"y","origin":[8,8,8]},"faces":{"west":{"uv":[1,2,2,3],"texture":"#glow","cullface":"west"}}},{"from":[-0.001,6,9],"to":[-0.001,7,10],"light_emission":15,"rotation":{"angle":0,"axis":"y","origin":[8,8,8]},"faces":{"west":{"uv":[9,9,10,10],"texture":"#glow","cullface":"west"}}},{"from":[-0.001,3,14],"to":[-0.001,4,15],"light_emission":15,"rotation":{"angle":0,"axis":"y","origin":[8,8,8]},"faces":{"west":{"uv":[14,12,15,13],"texture":"#glow","cullface":"west"}}},{"from":[-0.001,4,15],"to":[-0.001,7,16],"light_emission":15,"rotation":{"angle":0,"axis":"y","origin":[8,8,8]},"faces":{"west":{"uv":[15,9,16,12],"texture":"#glow","cullface":"west"}}},{"from":[-0.001,3,6],"to":[-0.001,5,7],"light_emission":15,"rotation":{"angle":0,"axis":"y","origin":[8,8,8]},"faces":{"west":{"uv":[6,11,7,13],"texture":"#glow","cullface":"west"}}},{"from":[-0.001,9,12],"to":[-0.001,12,13],"light_emission":15,"rotation":{"angle":0,"axis":"y","origin":[8,8,8]},"faces":{"west":{"uv":[12,4,13,7],"texture":"#glow","cullface":"west"}}},{"from":[-0.001,1,7],"to":[-0.001,3,8],"light_emission":15,"rotation":{"angle":0,"axis":"y","origin":[8,8,8]},"faces":{"west":{"uv":[7,13,8,15],"texture":"#glow","cullface":"west"}}},{"from":[-0.001,10,15],"to":[-0.001,12,16],"light_emission":15,"rotation":{"angle":0,"axis":"y","origin":[8,8,8]},"faces":{"west":{"uv":[15,4,16,6],"texture":"#glow","cullface":"west"}}},{"from":[-0.001,14,14],"to":[-0.001,16,15],"light_emission":15,"rotation":{"angle":0,"axis":"y","origin":[8,8,8]},"faces":{"west":{"uv":[14,0,15,2],"texture":"#glow","cullface":"west"}}},{"from":[-0.001,5,4],"to":[-0.001,6,6],"light_emission":15,"rotation":{"angle":0,"axis":"y","origin":[8,8,8]},"faces":{"west":{"uv":[4,10,6,11],"texture":"#glow","cullface":"west"}}},{"from":[-0.001,2,13],"to":[-0.001,3,15],"light_emission":15,"rotation":{"angle":0,"axis":"y","origin":[8,8,8]},"faces":{"west":{"uv":[13,13,15,14],"texture":"#glow","cullface":"west"}}},{"from":[-0.001,13,9],"to":[-0.001,14,11],"light_emission":15,"rotation":{"angle":0,"axis":"y","origin":[8,8,8]},"faces":{"west":{"uv":[9,2,11,3],"texture":"#glow","cullface":"west"}}},{"from":[-0.001,12,10],"to":[-0.001,13,12],"light_emission":15,"rotation":{"angle":0,"axis":"y","origin":[8,8,8]},"faces":{"west":{"uv":[10,3,12,4],"texture":"#glow","cullface":"west"}}},{"from":[-0.001,8,5],"to":[-0.001,9,7],"light_emission":15,"rotation":{"angle":0,"axis":"y","origin":[8,8,8]},"faces":{"west":{"uv":[5,7,7,8],"texture":"#glow","cullface":"west"}}},{"from":[-0.001,7,10],"to":[-0.001,8,13],"light_emission":15,"rotation":{"angle":0,"axis":"y","origin":[8,8,8]},"faces":{"west":{"uv":[10,8,13,9],"texture":"#glow","cullface":"west"}}},{"from":[-0.001,14,2],"to":[-0.001,15,5],"light_emission":15,"rotation":{"angle":0,"axis":"y","origin":[8,8,8]},"faces":{"west":{"uv":[2,1,5,2],"texture":"#glow","cullface":"west"}}},{"from":[12,0,16.001],"to":[13,1,16.001],"light_emission":15,"rotation":{"angle":0,"axis":"y","origin":[8,8,8]},"faces":{"south":{"uv":[12,15,13,16],"texture":"#glow","cullface":"south"}}},{"from":[7,9,16.001],"to":[8,10,16.001],"light_emission":15,"rotation":{"angle":0,"axis":"y","origin":[8,8,8]},"faces":{"south":{"uv":[7,6,8,7],"texture":"#glow","cullface":"south"}}},{"from":[13,15,16.001],"to":[14,16,16.001],"light_emission":15,"rotation":{"angle":0,"axis":"y","origin":[8,8,8]},"faces":{"south":{"uv":[13,0,14,1],"texture":"#glow","cullface":"south"}}},{"from":[0,12,16.001],"to":[1,13,16.001],"light_emission":15,"rotation":{"angle":0,"axis":"y","origin":[8,8,8]},"faces":{"south":{"uv":[0,3,1,4],"texture":"#glow","cullface":"south"}}},{"from":[1,13,16.001],"to":[2,14,16.001],"light_emission":15,"rotation":{"angle":0,"axis":"y","origin":[8,8,8]},"faces":{"south":{"uv":[1,2,2,3],"texture":"#glow","cullface":"south"}}},{"from":[9,6,16.001],"to":[10,7,16.001],"light_emission":15,"rotation":{"angle":0,"axis":"y","origin":[8,8,8]},"faces":{"south":{"uv":[9,9,10,10],"texture":"#glow","cullface":"south"}}},{"from":[14,3,16.001],"to":[15,4,16.001],"light_emission":15,"rotation":{"angle":0,"axis":"y","origin":[8,8,8]},"faces":{"south":{"uv":[14,12,15,13],"texture":"#glow","cullface":"south"}}},{"from":[15,4,16.001],"to":[16,7,16.001],"light_emission":15,"rotation":{"angle":0,"axis":"y","origin":[8,8,8]},"faces":{"south":{"uv":[15,9,16,12],"texture":"#glow","cullface":"south"}}},{"from":[6,3,16.001],"to":[7,5,16.001],"light_emission":15,"rotation":{"angle":0,"axis":"y","origin":[8,8,8]},"faces":{"south":{"uv":[6,11,7,13],"texture":"#glow","cullface":"south"}}},{"from":[12,9,16.001],"to":[13,12,16.001],"light_emission":15,"rotation":{"angle":0,"axis":"y","origin":[8,8,8]},"faces":{"south":{"uv":[12,4,13,7],"texture":"#glow","cullface":"south"}}},{"from":[7,1,16.001],"to":[8,3,16.001],"light_emission":15,"rotation":{"angle":0,"axis":"y","origin":[8,8,8]},"faces":{"south":{"uv":[7,13,8,15],"texture":"#glow","cullface":"south"}}},{"from":[15,10,16.001],"to":[16,12,16.001],"light_emission":15,"rotation":{"angle":0,"axis":"y","origin":[8,8,8]},"faces":{"south":{"uv":[15,4,16,6],"texture":"#glow","cullface":"south"}}},{"from":[14,14,16.001],"to":[15,16,16.001],"light_emission":15,"rotation":{"angle":0,"axis":"y","origin":[8,8,8]},"faces":{"south":{"uv":[14,0,15,2],"texture":"#glow","cullface":"south"}}},{"from":[4,5,16.001],"to":[6,6,16.001],"light_emission":15,"rotation":{"angle":0,"axis":"y","origin":[8,8,8]},"faces":{"south":{"uv":[4,10,6,11],"texture":"#glow","cullface":"south"}}},{"from":[13,2,16.001],"to":[15,3,16.001],"light_emission":15,"rotation":{"angle":0,"axis":"y","origin":[8,8,8]},"faces":{"south":{"uv":[13,13,15,14],"texture":"#glow","cullface":"south"}}},{"from":[9,13,16.001],"to":[11,14,16.001],"light_emission":15,"rotation":{"angle":0,"axis":"y","origin":[8,8,8]},"faces":{"south":{"uv":[9,2,11,3],"texture":"#glow","cullface":"south"}}},{"from":[10,12,16.001],"to":[12,13,16.001],"light_emission":15,"rotation":{"angle":0,"axis":"y","origin":[8,8,8]},"faces":{"south":{"uv":[10,3,12,4],"texture":"#glow","cullface":"south"}}},{"from":[5,8,16.001],"to":[7,9,16.001],"light_emission":15,"rotation":{"angle":0,"axis":"y","origin":[8,8,8]},"faces":{"south":{"uv":[5,7,7,8],"texture":"#glow","cullface":"south"}}},{"from":[10,7,16.001],"to":[13,8,16.001],"light_emission":15,"rotation":{"angle":0,"axis":"y","origin":[8,8,8]},"faces":{"south":{"uv":[10,8,13,9],"texture":"#glow","cullface":"south"}}},{"from":[2,14,16.001],"to":[5,15,16.001],"light_emission":15,"rotation":{"angle":0,"axis":"y","origin":[8,8,8]},"faces":{"south":{"uv":[2,1,5,2],"texture":"#glow","cullface":"south"}}},{"from":[16.001,0,3],"to":[16.001,1,4],"light_emission":15,"rotation":{"angle":0,"axis":"y","origin":[8,8,8]},"faces":{"east":{"uv":[12,15,13,16],"texture":"#glow","cullface":"east"}}},{"from":[16.001,9,8],"to":[16.001,10,9],"light_emission":15,"rotation":{"angle":0,"axis":"y","origin":[8,8,8]},"faces":{"east":{"uv":[7,6,8,7],"texture":"#glow","cullface":"east"}}},{"from":[16.001,15,2],"to":[16.001,16,3],"light_emission":15,"rotation":{"angle":0,"axis":"y","origin":[8,8,8]},"faces":{"east":{"uv":[13,0,14,1],"texture":"#glow","cullface":"east"}}},{"from":[16.001,12,15],"to":[16.001,13,16],"light_emission":15,"rotation":{"angle":0,"axis":"y","origin":[8,8,8]},"faces":{"east":{"uv":[0,3,1,4],"texture":"#glow","cullface":"east"}}},{"from":[16.001,13,14],"to":[16.001,14,15],"light_emission":15,"rotation":{"angle":0,"axis":"y","origin":[8,8,8]},"faces":{"east":{"uv":[1,2,2,3],"texture":"#glow","cullface":"east"}}},{"from":[16.001,6,6],"to":[16.001,7,7],"light_emission":15,"rotation":{"angle":0,"axis":"y","origin":[8,8,8]},"faces":{"east":{"uv":[9,9,10,10],"texture":"#glow","cullface":"east"}}},{"from":[16.001,3,1],"to":[16.001,4,2],"light_emission":15,"rotation":{"angle":0,"axis":"y","origin":[8,8,8]},"faces":{"east":{"uv":[14,12,15,13],"texture":"#glow","cullface":"east"}}},{"from":[16.001,4,0],"to":[16.001,7,1],"light_emission":15,"rotation":{"angle":0,"axis":"y","origin":[8,8,8]},"faces":{"east":{"uv":[15,9,16,12],"texture":"#glow","cullface":"east"}}},{"from":[16.001,3,9],"to":[16.001,5,10],"light_emission":15,"rotation":{"angle":0,"axis":"y","origin":[8,8,8]},"faces":{"east":{"uv":[6,11,7,13],"texture":"#glow","cullface":"east"}}},{"from":[16.001,9,3],"to":[16.001,12,4],"light_emission":15,"rotation":{"angle":0,"axis":"y","origin":[8,8,8]},"faces":{"east":{"uv":[12,4,13,7],"texture":"#glow","cullface":"east"}}},{"from":[16.001,1,8],"to":[16.001,3,9],"light_emission":15,"rotation":{"angle":0,"axis":"y","origin":[8,8,8]},"faces":{"east":{"uv":[7,13,8,15],"texture":"#glow","cullface":"east"}}},{"from":[16.001,10,0],"to":[16.001,12,1],"light_emission":15,"rotation":{"angle":0,"axis":"y","origin":[8,8,8]},"faces":{"east":{"uv":[15,4,16,6],"texture":"#glow","cullface":"east"}}},{"from":[16.001,14,1],"to":[16.001,16,2],"light_emission":15,"rotation":{"angle":0,"axis":"y","origin":[8,8,8]},"faces":{"east":{"uv":[14,0,15,2],"texture":"#glow","cullface":"east"}}},{"from":[16.001,5,10],"to":[16.001,6,12],"light_emission":15,"rotation":{"angle":0,"axis":"y","origin":[8,8,8]},"faces":{"east":{"uv":[4,10,6,11],"texture":"#glow","cullface":"east"}}},{"from":[16.001,2,1],"to":[16.001,3,3],"light_emission":15,"rotation":{"angle":0,"axis":"y","origin":[8,8,8]},"faces":{"east":{"uv":[13,13,15,14],"texture":"#glow","cullface":"east"}}},{"from":[16.001,13,5],"to":[16.001,14,7],"light_emission":15,"rotation":{"angle":0,"axis":"y","origin":[8,8,8]},"faces":{"east":{"uv":[9,2,11,3],"texture":"#glow","cullface":"east"}}},{"from":[16.001,12,4],"to":[16.001,13,6],"light_emission":15,"rotation":{"angle":0,"axis":"y","origin":[8,8,8]},"faces":{"east":{"uv":[10,3,12,4],"texture":"#glow","cullface":"east"}}},{"from":[16.001,8,9],"to":[16.001,9,11],"light_emission":15,"rotation":{"angle":0,"axis":"y","origin":[8,8,8]},"faces":{"east":{"uv":[5,7,7,8],"texture":"#glow","cullface":"east"}}},{"from":[16.001,7,3],"to":[16.001,8,6],"light_emission":15,"rotation":{"angle":0,"axis":"y","origin":[8,8,8]},"faces":{"east":{"uv":[10,8,13,9],"texture":"#glow","cullface":"east"}}},{"from":[16.001,14,11],"to":[16.001,15,14],"light_emission":15,"rotation":{"angle":0,"axis":"y","origin":[8,8,8]},"faces":{"east":{"uv":[2,1,5,2],"texture":"#glow","cullface":"east"}}},{"from":[12,-0.001,0],"to":[13,-0.001,1],"light_emission":15,"rotation":{"angle":0,"axis":"y","origin":[8,8,8]},"faces":{"down":{"uv":[12,15,13,16],"texture":"#glow","cullface":"down"}}},{"from":[7,-0.001,9],"to":[8,-0.001,10],"light_emission":15,"rotation":{"angle":0,"axis":"y","origin":[8,8,8]},"faces":{"down":{"uv":[7,6,8,7],"texture":"#glow","cullface":"down"}}},{"from":[13,-0.001,15],"to":[14,-0.001,16],"light_emission":15,"rotation":{"angle":0,"axis":"y","origin":[8,8,8]},"faces":{"down":{"uv":[13,0,14,1],"texture":"#glow","cullface":"down"}}},{"from":[0,-0.001,12],"to":[1,-0.001,13],"light_emission":15,"rotation":{"angle":0,"axis":"y","origin":[8,8,8]},"faces":{"down":{"uv":[0,3,1,4],"texture":"#glow","cullface":"down"}}},{"from":[1,-0.001,13],"to":[2,-0.001,14],"light_emission":15,"rotation":{"angle":0,"axis":"y","origin":[8,8,8]},"faces":{"down":{"uv":[1,2,2,3],"texture":"#glow","cullface":"down"}}},{"from":[9,-0.001,6],"to":[10,-0.001,7],"light_emission":15,"rotation":{"angle":0,"axis":"y","origin":[8,8,8]},"faces":{"down":{"uv":[9,9,10,10],"texture":"#glow","cullface":"down"}}},{"from":[14,-0.001,3],"to":[15,-0.001,4],"light_emission":15,"rotation":{"angle":0,"axis":"y","origin":[8,8,8]},"faces":{"down":{"uv":[14,12,15,13],"texture":"#glow","cullface":"down"}}},{"from":[15,-0.001,4],"to":[16,-0.001,7],"light_emission":15,"rotation":{"angle":0,"axis":"y","origin":[8,8,8]},"faces":{"down":{"uv":[15,9,16,12],"texture":"#glow","cullface":"down"}}},{"from":[6,-0.001,3],"to":[7,-0.001,5],"light_emission":15,"rotation":{"angle":0,"axis":"y","origin":[8,8,8]},"faces":{"down":{"uv":[6,11,7,13],"texture":"#glow","cullface":"down"}}},{"from":[12,-0.001,9],"to":[13,-0.001,12],"light_emission":15,"rotation":{"angle":0,"axis":"y","origin":[8,8,8]},"faces":{"down":{"uv":[12,4,13,7],"texture":"#glow","cullface":"down"}}},{"from":[7,-0.001,1],"to":[8,-0.001,3],"light_emission":15,"rotation":{"angle":0,"axis":"y","origin":[8,8,8]},"faces":{"down":{"uv":[7,13,8,15],"texture":"#glow","cullface":"down"}}},{"from":[15,-0.001,10],"to":[16,-0.001,12],"light_emission":15,"rotation":{"angle":0,"axis":"y","origin":[8,8,8]},"faces":{"down":{"uv":[15,4,16,6],"texture":"#glow","cullface":"down"}}},{"from":[14,-0.001,14],"to":[15,-0.001,16],"light_emission":15,"rotation":{"angle":0,"axis":"y","origin":[8,8,8]},"faces":{"down":{"uv":[14,0,15,2],"texture":"#glow","cullface":"down"}}},{"from":[4,-0.001,5],"to":[6,-0.001,6],"light_emission":15,"rotation":{"angle":0,"axis":"y","origin":[8,8,8]},"faces":{"down":{"uv":[4,10,6,11],"texture":"#glow","cullface":"down"}}},{"from":[13,-0.001,2],"to":[15,-0.001,3],"light_emission":15,"rotation":{"angle":0,"axis":"y","origin":[8,8,8]},"faces":{"down":{"uv":[13,13,15,14],"texture":"#glow","cullface":"down"}}},{"from":[9,-0.001,13],"to":[11,-0.001,14],"light_emission":15,"rotation":{"angle":0,"axis":"y","origin":[8,8,8]},"faces":{"down":{"uv":[9,2,11,3],"texture":"#glow","cullface":"down"}}},{"from":[10,-0.001,12],"to":[12,-0.001,13],"light_emission":15,"rotation":{"angle":0,"axis":"y","origin":[8,8,8]},"faces":{"down":{"uv":[10,3,12,4],"texture":"#glow","cullface":"down"}}},{"from":[5,-0.001,8],"to":[7,-0.001,9],"light_emission":15,"rotation":{"angle":0,"axis":"y","origin":[8,8,8]},"faces":{"down":{"uv":[5,7,7,8],"texture":"#glow","cullface":"down"}}},{"from":[10,-0.001,7],"to":[13,-0.001,8],"light_emission":15,"rotation":{"angle":0,"axis":"y","origin":[8,8,8]},"faces":{"down":{"uv":[10,8,13,9],"texture":"#glow","cullface":"down"}}},{"from":[2,-0.001,14],"to":[5,-0.001,15],"light_emission":15,"rotation":{"angle":0,"axis":"y","origin":[8,8,8]},"faces":{"down":{"uv":[2,1,5,2],"texture":"#glow","cullface":"down"}}},{"from":[12,16.001,15],"to":[13,16.001,16],"light_emission":15,"rotation":{"angle":0,"axis":"x","origin":[8,8,8]},"faces":{"up":{"uv":[12,15,13,16],"texture":"#glow","cullface":"up"}}},{"from":[7,16.001,6],"to":[8,16.001,7],"light_emission":15,"rotation":{"angle":0,"axis":"x","origin":[8,8,8]},"faces":{"up":{"uv":[7,6,8,7],"texture":"#glow","cullface":"up"}}},{"from":[13,16.001,0],"to":[14,16.001,1],"light_emission":15,"rotation":{"angle":0,"axis":"x","origin":[8,8,8]},"faces":{"up":{"uv":[13,0,14,1],"texture":"#glow","cullface":"up"}}},{"from":[0,16.001,3],"to":[1,16.001,4],"light_emission":15,"rotation":{"angle":0,"axis":"x","origin":[8,8,8]},"faces":{"up":{"uv":[0,3,1,4],"texture":"#glow","cullface":"up"}}},{"from":[1,16.001,2],"to":[2,16.001,3],"light_emission":15,"rotation":{"angle":0,"axis":"x","origin":[8,8,8]},"faces":{"up":{"uv":[1,2,2,3],"texture":"#glow","cullface":"up"}}},{"from":[9,16.001,9],"to":[10,16.001,10],"light_emission":15,"rotation":{"angle":0,"axis":"x","origin":[8,8,8]},"faces":{"up":{"uv":[9,9,10,10],"texture":"#glow","cullface":"up"}}},{"from":[14,16.001,12],"to":[15,16.001,13],"light_emission":15,"rotation":{"angle":0,"axis":"x","origin":[8,8,8]},"faces":{"up":{"uv":[14,12,15,13],"texture":"#glow","cullface":"up"}}},{"from":[15,16.001,9],"to":[16,16.001,12],"light_emission":15,"rotation":{"angle":0,"axis":"x","origin":[8,8,8]},"faces":{"up":{"uv":[15,9,16,12],"texture":"#glow","cullface":"up"}}},{"from":[6,16.001,11],"to":[7,16.001,13],"light_emission":15,"rotation":{"angle":0,"axis":"x","origin":[8,8,8]},"faces":{"up":{"uv":[6,11,7,13],"texture":"#glow","cullface":"up"}}},{"from":[12,16.001,4],"to":[13,16.001,7],"light_emission":15,"rotation":{"angle":0,"axis":"x","origin":[8,8,8]},"faces":{"up":{"uv":[12,4,13,7],"texture":"#glow","cullface":"up"}}},{"from":[7,16.001,13],"to":[8,16.001,15],"light_emission":15,"rotation":{"angle":0,"axis":"x","origin":[8,8,8]},"faces":{"up":{"uv":[7,13,8,15],"texture":"#glow","cullface":"up"}}},{"from":[15,16.001,4],"to":[16,16.001,6],"light_emission":15,"rotation":{"angle":0,"axis":"x","origin":[8,8,8]},"faces":{"up":{"uv":[15,4,16,6],"texture":"#glow","cullface":"up"}}},{"from":[14,16.001,0],"to":[15,16.001,2],"light_emission":15,"rotation":{"angle":0,"axis":"x","origin":[8,8,8]},"faces":{"up":{"uv":[14,0,15,2],"texture":"#glow","cullface":"up"}}},{"from":[4,16.001,10],"to":[6,16.001,11],"light_emission":15,"rotation":{"angle":0,"axis":"x","origin":[8,8,8]},"faces":{"up":{"uv":[4,10,6,11],"texture":"#glow","cullface":"up"}}},{"from":[13,16.001,13],"to":[15,16.001,14],"light_emission":15,"rotation":{"angle":0,"axis":"x","origin":[8,8,8]},"faces":{"up":{"uv":[13,13,15,14],"texture":"#glow","cullface":"up"}}},{"from":[9,16.001,2],"to":[11,16.001,3],"light_emission":15,"rotation":{"angle":0,"axis":"x","origin":[8,8,8]},"faces":{"up":{"uv":[9,2,11,3],"texture":"#glow","cullface":"up"}}},{"from":[10,16.001,3],"to":[12,16.001,4],"light_emission":15,"rotation":{"angle":0,"axis":"x","origin":[8,8,8]},"faces":{"up":{"uv":[10,3,12,4],"texture":"#glow","cullface":"up"}}},{"from":[5,16.001,7],"to":[7,16.001,8],"light_emission":15,"rotation":{"angle":0,"axis":"x","origin":[8,8,8]},"faces":{"up":{"uv":[5,7,7,8],"texture":"#glow","cullface":"up"}}},{"from":[10,16.001,8],"to":[13,16.001,9],"light_emission":15,"rotation":{"angle":0,"axis":"x","origin":[8,8,8]},"faces":{"up":{"uv":[10,8,13,9],"texture":"#glow","cullface":"up"}}},{"from":[2,16.001,1],"to":[5,16.001,2],"light_emission":15,"rotation":{"angle":0,"axis":"x","origin":[8,8,8]},"faces":{"up":{"uv":[2,1,5,2],"texture":"#glow","cullface":"up"}}}],"display":{"thirdperson_righthand":{"rotation":[75,45,0],"translation":[0,2.5,0],"scale":[0.375,0.375,0.375]},"thirdperson_lefthand":{"rotation":[75,45,0],"translation":[0,2.5,0],"scale":[0.375,0.375,0.375]},"firstperson_righthand":{"rotation":[0,45,0],"scale":[0.4,0.4,0.4]},"firstperson_lefthand":{"rotation":[0,225,0],"scale":[0.4,0.4,0.4]},"ground":{"translation":[0,3,0],"scale":[0.25,0.25,0.25]},"gui":{"rotation":[30,225,0],"scale":[0.625,0.625,0.625]},"fixed":{"scale":[0.5,0.5,0.5]}},"groups":[0,{"name":"glow1","origin":[8,8,8],"color":0,"children":[1,2,3,4,5,6,7,8,9,10,11,12,13,14,15,16,17,18,19,20,{"name":"glow2","origin":[8,8,8],"color":0,"children":[21,22,23,24,25,26,27,28,29,30,31,32,33,34,35,36,37,38,39,40,{"name":"glow3","origin":[8,8,8],"color":0,"children":[41,42,43,44,45,46,47,48,49,50,51,52,53,54,55,56,57,58,59,60,{"name":"glow4","origin":[8,8,8],"color":0,"children":[61,62,63,64,65,66,67,68,69,70,71,72,73,74,75,76,77,78,79,80,{"name":"glow5","origin":[8,8,8],"color":0,"children":[81,82,83,84,85,86,87,88,89,90,91,92,93,94,95,96,97,98,99,100,{"name":"glow6","origin":[8,8,8],"color":0,"children":[101,102,103,104,105,106,107,108,109,110,111,112,113,114,115,116,117,118,119,120]}]}]}]}]}]}]}