{"credit":"Made by sniffercraft34","textures":{"particle":"block/nether_quartz_ore","ore":"block/nether_quartz_ore","glow":"block/nether_quartz_ore_glow"},"elements":[{"from":[0,0,0],"to":[16,16,16],"rotation":{"angle":0,"axis":"y","origin":[8,8,8]},"faces":{"north":{"uv":[0,0,16,16],"texture":"#ore","cullface":"north"},"east":{"uv":[0,0,16,16],"texture":"#ore","cullface":"east"},"south":{"uv":[0,0,16,16],"texture":"#ore","cullface":"south"},"west":{"uv":[0,0,16,16],"texture":"#ore","cullface":"west"},"up":{"uv":[0,0,16,16],"texture":"#ore","cullface":"up"},"down":{"uv":[0,0,16,16],"texture":"#ore","cullface":"down"}}},{"from":[7,2,-0.001],"to":[8,3,-0.001],"light_emission":15,"rotation":{"angle":0,"axis":"y","origin":[8,8,8]},"faces":{"north":{"uv":[8,13,9,14],"texture":"#glow","cullface":"north"}}},{"from":[6,4,-0.001],"to":[7,5,-0.001],"light_emission":15,"rotation":{"angle":0,"axis":"y","origin":[8,8,8]},"faces":{"north":{"uv":[9,11,10,12],"texture":"#glow","cullface":"north"}}},{"from":[3,2,-0.001],"to":[4,3,-0.001],"light_emission":15,"rotation":{"angle":0,"axis":"y","origin":[8,8,8]},"faces":{"north":{"uv":[12,13,13,14],"texture":"#glow","cullface":"north"}}},{"from":[2,3,-0.001],"to":[3,4,-0.001],"light_emission":15,"rotation":{"angle":0,"axis":"y","origin":[8,8,8]},"faces":{"north":{"uv":[13,12,14,13],"texture":"#glow","cullface":"north"}}},{"from":[3,5,-0.001],"to":[4,6,-0.001],"light_emission":15,"rotation":{"angle":0,"axis":"y","origin":[8,8,8]},"faces":{"north":{"uv":[12,10,13,11],"texture":"#glow","cullface":"north"}}},{"from":[8,12,-0.001],"to":[10,13,-0.001],"light_emission":15,"rotation":{"angle":0,"axis":"y","origin":[8,8,8]},"faces":{"north":{"uv":[6,3,8,4],"texture":"#glow","cullface":"north"}}},{"from":[6,13,-0.001],"to":[8,14,-0.001],"light_emission":15,"rotation":{"angle":0,"axis":"y","origin":[8,8,8]},"faces":{"north":{"uv":[8,2,10,3],"texture":"#glow","cullface":"north"}}},{"from":[11,9,-0.001],"to":[12,12,-0.001],"light_emission":15,"rotation":{"angle":0,"axis":"y","origin":[8,8,8]},"faces":{"north":{"uv":[4,4,5,7],"texture":"#glow","cullface":"north"}}},{"from":[10,10,-0.001],"to":[11,13,-0.001],"light_emission":15,"rotation":{"angle":0,"axis":"y","origin":[8,8,8]},"faces":{"north":{"uv":[5,3,6,6],"texture":"#glow","cullface":"north"}}},{"from":[1,6,-0.001],"to":[4,7,-0.001],"light_emission":15,"rotation":{"angle":0,"axis":"y","origin":[8,8,8]},"faces":{"north":{"uv":[12,9,15,10],"texture":"#glow","cullface":"north"}}},{"from":[2,7,-0.001],"to":[4,8,-0.001],"light_emission":15,"rotation":{"angle":0,"axis":"y","origin":[8,8,8]},"faces":{"north":{"uv":[12,8,14,9],"texture":"#glow","cullface":"north"}}},{"from":[1,8,-0.001],"to":[3,9,-0.001],"light_emission":15,"rotation":{"angle":0,"axis":"y","origin":[8,8,8]},"faces":{"north":{"uv":[13,7,15,8],"texture":"#glow","cullface":"north"}}},{"from":[11,4,-0.001],"to":[12,5,-0.001],"light_emission":15,"rotation":{"angle":0,"axis":"y","origin":[8,8,8]},"faces":{"north":{"uv":[4,11,5,12],"texture":"#glow","cullface":"north"}}},{"from":[9,8,-0.001],"to":[10,9,-0.001],"light_emission":15,"rotation":{"angle":0,"axis":"y","origin":[8,8,8]},"faces":{"north":{"uv":[6,7,7,8],"texture":"#glow","cullface":"north"}}},{"from":[7,8,-0.001],"to":[8,9,-0.001],"light_emission":15,"rotation":{"angle":0,"axis":"y","origin":[8,8,8]},"faces":{"north":{"uv":[8,7,9,8],"texture":"#glow","cullface":"north"}}},{"from":[6,10,-0.001],"to":[7,11,-0.001],"light_emission":15,"rotation":{"angle":0,"axis":"y","origin":[8,8,8]},"faces":{"north":{"uv":[9,5,10,6],"texture":"#glow","cullface":"north"}}},{"from":[4,10,-0.001],"to":[5,11,-0.001],"light_emission":15,"rotation":{"angle":0,"axis":"y","origin":[8,8,8]},"faces":{"north":{"uv":[11,5,12,6],"texture":"#glow","cullface":"north"}}},{"from":[5,9,-0.001],"to":[10,10,-0.001],"light_emission":15,"rotation":{"angle":0,"axis":"y","origin":[8,8,8]},"faces":{"north":{"uv":[6,6,11,7],"texture":"#glow","cullface":"north"}}},{"from":[6,3,-0.001],"to":[9,4,-0.001],"light_emission":15,"rotation":{"angle":0,"axis":"y","origin":[8,8,8]},"faces":{"north":{"uv":[7,12,10,13],"texture":"#glow","cullface":"north"}}},{"from":[10,5,-0.001],"to":[13,6,-0.001],"light_emission":15,"rotation":{"angle":0,"axis":"y","origin":[8,8,8]},"faces":{"north":{"uv":[3,10,6,11],"texture":"#glow","cullface":"north"}}},{"from":[10,6,-0.001],"to":[12,8,-0.001],"light_emission":15,"rotation":{"angle":0,"axis":"y","origin":[8,8,8]},"faces":{"north":{"uv":[4,8,6,10],"texture":"#glow","cullface":"north"}}},{"from":[-0.001,2,8],"to":[-0.001,3,9],"light_emission":15,"rotation":{"angle":0,"axis":"y","origin":[8,8,8]},"faces":{"west":{"uv":[8,13,9,14],"texture":"#glow","cullface":"west"}}},{"from":[-0.001,4,9],"to":[-0.001,5,10],"light_emission":15,"rotation":{"angle":0,"axis":"y","origin":[8,8,8]},"faces":{"west":{"uv":[9,11,10,12],"texture":"#glow","cullface":"west"}}},{"from":[-0.001,2,12],"to":[-0.001,3,13],"light_emission":15,"rotation":{"angle":0,"axis":"y","origin":[8,8,8]},"faces":{"west":{"uv":[12,13,13,14],"texture":"#glow","cullface":"west"}}},{"from":[-0.001,3,13],"to":[-0.001,4,14],"light_emission":15,"rotation":{"angle":0,"axis":"y","origin":[8,8,8]},"faces":{"west":{"uv":[13,12,14,13],"texture":"#glow","cullface":"west"}}},{"from":[-0.001,5,12],"to":[-0.001,6,13],"light_emission":15,"rotation":{"angle":0,"axis":"y","origin":[8,8,8]},"faces":{"west":{"uv":[12,10,13,11],"texture":"#glow","cullface":"west"}}},{"from":[-0.001,12,6],"to":[-0.001,13,8],"light_emission":15,"rotation":{"angle":0,"axis":"y","origin":[8,8,8]},"faces":{"west":{"uv":[6,3,8,4],"texture":"#glow","cullface":"west"}}},{"from":[-0.001,13,8],"to":[-0.001,14,10],"light_emission":15,"rotation":{"angle":0,"axis":"y","origin":[8,8,8]},"faces":{"west":{"uv":[8,2,10,3],"texture":"#glow","cullface":"west"}}},{"from":[-0.001,9,4],"to":[-0.001,12,5],"light_emission":15,"rotation":{"angle":0,"axis":"y","origin":[8,8,8]},"faces":{"west":{"uv":[4,4,5,7],"texture":"#glow","cullface":"west"}}},{"from":[-0.001,10,5],"to":[-0.001,13,6],"light_emission":15,"rotation":{"angle":0,"axis":"y","origin":[8,8,8]},"faces":{"west":{"uv":[5,3,6,6],"texture":"#glow","cullface":"west"}}},{"from":[-0.001,6,12],"to":[-0.001,7,15],"light_emission":15,"rotation":{"angle":0,"axis":"y","origin":[8,8,8]},"faces":{"west":{"uv":[12,9,15,10],"texture":"#glow","cullface":"west"}}},{"from":[-0.001,7,12],"to":[-0.001,8,14],"light_emission":15,"rotation":{"angle":0,"axis":"y","origin":[8,8,8]},"faces":{"west":{"uv":[12,8,14,9],"texture":"#glow","cullface":"west"}}},{"from":[-0.001,8,13],"to":[-0.001,9,15],"light_emission":15,"rotation":{"angle":0,"axis":"y","origin":[8,8,8]},"faces":{"west":{"uv":[13,7,15,8],"texture":"#glow","cullface":"west"}}},{"from":[-0.001,4,4],"to":[-0.001,5,5],"light_emission":15,"rotation":{"angle":0,"axis":"y","origin":[8,8,8]},"faces":{"west":{"uv":[4,11,5,12],"texture":"#glow","cullface":"west"}}},{"from":[-0.001,8,6],"to":[-0.001,9,7],"light_emission":15,"rotation":{"angle":0,"axis":"y","origin":[8,8,8]},"faces":{"west":{"uv":[6,7,7,8],"texture":"#glow","cullface":"west"}}},{"from":[-0.001,8,8],"to":[-0.001,9,9],"light_emission":15,"rotation":{"angle":0,"axis":"y","origin":[8,8,8]},"faces":{"west":{"uv":[8,7,9,8],"texture":"#glow","cullface":"west"}}},{"from":[-0.001,10,9],"to":[-0.001,11,10],"light_emission":15,"rotation":{"angle":0,"axis":"y","origin":[8,8,8]},"faces":{"west":{"uv":[9,5,10,6],"texture":"#glow","cullface":"west"}}},{"from":[-0.001,10,11],"to":[-0.001,11,12],"light_emission":15,"rotation":{"angle":0,"axis":"y","origin":[8,8,8]},"faces":{"west":{"uv":[11,5,12,6],"texture":"#glow","cullface":"west"}}},{"from":[-0.001,9,6],"to":[-0.001,10,11],"light_emission":15,"rotation":{"angle":0,"axis":"y","origin":[8,8,8]},"faces":{"west":{"uv":[6,6,11,7],"texture":"#glow","cullface":"west"}}},{"from":[-0.001,3,7],"to":[-0.001,4,10],"light_emission":15,"rotation":{"angle":0,"axis":"y","origin":[8,8,8]},"faces":{"west":{"uv":[7,12,10,13],"texture":"#glow","cullface":"west"}}},{"from":[-0.001,5,3],"to":[-0.001,6,6],"light_emission":15,"rotation":{"angle":0,"axis":"y","origin":[8,8,8]},"faces":{"west":{"uv":[3,10,6,11],"texture":"#glow","cullface":"west"}}},{"from":[-0.001,6,4],"to":[-0.001,8,6],"light_emission":15,"rotation":{"angle":0,"axis":"y","origin":[8,8,8]},"faces":{"west":{"uv":[4,8,6,10],"texture":"#glow","cullface":"west"}}},{"from":[8,2,16.001],"to":[9,3,16.001],"light_emission":15,"rotation":{"angle":0,"axis":"y","origin":[8,8,8]},"faces":{"south":{"uv":[8,13,9,14],"texture":"#glow","cullface":"south"}}},{"from":[9,4,16.001],"to":[10,5,16.001],"light_emission":15,"rotation":{"angle":0,"axis":"y","origin":[8,8,8]},"faces":{"south":{"uv":[9,11,10,12],"texture":"#glow","cullface":"south"}}},{"from":[12,2,16.001],"to":[13,3,16.001],"light_emission":15,"rotation":{"angle":0,"axis":"y","origin":[8,8,8]},"faces":{"south":{"uv":[12,13,13,14],"texture":"#glow","cullface":"south"}}},{"from":[13,3,16.001],"to":[14,4,16.001],"light_emission":15,"rotation":{"angle":0,"axis":"y","origin":[8,8,8]},"faces":{"south":{"uv":[13,12,14,13],"texture":"#glow","cullface":"south"}}},{"from":[12,5,16.001],"to":[13,6,16.001],"light_emission":15,"rotation":{"angle":0,"axis":"y","origin":[8,8,8]},"faces":{"south":{"uv":[12,10,13,11],"texture":"#glow","cullface":"south"}}},{"from":[6,12,16.001],"to":[8,13,16.001],"light_emission":15,"rotation":{"angle":0,"axis":"y","origin":[8,8,8]},"faces":{"south":{"uv":[6,3,8,4],"texture":"#glow","cullface":"south"}}},{"from":[8,13,16.001],"to":[10,14,16.001],"light_emission":15,"rotation":{"angle":0,"axis":"y","origin":[8,8,8]},"faces":{"south":{"uv":[8,2,10,3],"texture":"#glow","cullface":"south"}}},{"from":[4,9,16.001],"to":[5,12,16.001],"light_emission":15,"rotation":{"angle":0,"axis":"y","origin":[8,8,8]},"faces":{"south":{"uv":[4,4,5,7],"texture":"#glow","cullface":"south"}}},{"from":[5,10,16.001],"to":[6,13,16.001],"light_emission":15,"rotation":{"angle":0,"axis":"y","origin":[8,8,8]},"faces":{"south":{"uv":[5,3,6,6],"texture":"#glow","cullface":"south"}}},{"from":[12,6,16.001],"to":[15,7,16.001],"light_emission":15,"rotation":{"angle":0,"axis":"y","origin":[8,8,8]},"faces":{"south":{"uv":[12,9,15,10],"texture":"#glow","cullface":"south"}}},{"from":[12,7,16.001],"to":[14,8,16.001],"light_emission":15,"rotation":{"angle":0,"axis":"y","origin":[8,8,8]},"faces":{"south":{"uv":[12,8,14,9],"texture":"#glow","cullface":"south"}}},{"from":[13,8,16.001],"to":[15,9,16.001],"light_emission":15,"rotation":{"angle":0,"axis":"y","origin":[8,8,8]},"faces":{"south":{"uv":[13,7,15,8],"texture":"#glow","cullface":"south"}}},{"from":[4,4,16.001],"to":[5,5,16.001],"light_emission":15,"rotation":{"angle":0,"axis":"y","origin":[8,8,8]},"faces":{"south":{"uv":[4,11,5,12],"texture":"#glow","cullface":"south"}}},{"from":[6,8,16.001],"to":[7,9,16.001],"light_emission":15,"rotation":{"angle":0,"axis":"y","origin":[8,8,8]},"faces":{"south":{"uv":[6,7,7,8],"texture":"#glow","cullface":"south"}}},{"from":[8,8,16.001],"to":[9,9,16.001],"light_emission":15,"rotation":{"angle":0,"axis":"y","origin":[8,8,8]},"faces":{"south":{"uv":[8,7,9,8],"texture":"#glow","cullface":"south"}}},{"from":[9,10,16.001],"to":[10,11,16.001],"light_emission":15,"rotation":{"angle":0,"axis":"y","origin":[8,8,8]},"faces":{"south":{"uv":[9,5,10,6],"texture":"#glow","cullface":"south"}}},{"from":[11,10,16.001],"to":[12,11,16.001],"light_emission":15,"rotation":{"angle":0,"axis":"y","origin":[8,8,8]},"faces":{"south":{"uv":[11,5,12,6],"texture":"#glow","cullface":"south"}}},{"from":[6,9,16.001],"to":[11,10,16.001],"light_emission":15,"rotation":{"angle":0,"axis":"y","origin":[8,8,8]},"faces":{"south":{"uv":[6,6,11,7],"texture":"#glow","cullface":"south"}}},{"from":[7,3,16.001],"to":[10,4,16.001],"light_emission":15,"rotation":{"angle":0,"axis":"y","origin":[8,8,8]},"faces":{"south":{"uv":[7,12,10,13],"texture":"#glow","cullface":"south"}}},{"from":[3,5,16.001],"to":[6,6,16.001],"light_emission":15,"rotation":{"angle":0,"axis":"y","origin":[8,8,8]},"faces":{"south":{"uv":[3,10,6,11],"texture":"#glow","cullface":"south"}}},{"from":[4,6,16.001],"to":[6,8,16.001],"light_emission":15,"rotation":{"angle":0,"axis":"y","origin":[8,8,8]},"faces":{"south":{"uv":[4,8,6,10],"texture":"#glow","cullface":"south"}}},{"from":[16.001,2,7],"to":[16.001,3,8],"light_emission":15,"rotation":{"angle":0,"axis":"y","origin":[8,8,8]},"faces":{"east":{"uv":[8,13,9,14],"texture":"#glow","cullface":"east"}}},{"from":[16.001,4,6],"to":[16.001,5,7],"light_emission":15,"rotation":{"angle":0,"axis":"y","origin":[8,8,8]},"faces":{"east":{"uv":[9,11,10,12],"texture":"#glow","cullface":"east"}}},{"from":[16.001,2,3],"to":[16.001,3,4],"light_emission":15,"rotation":{"angle":0,"axis":"y","origin":[8,8,8]},"faces":{"east":{"uv":[12,13,13,14],"texture":"#glow","cullface":"east"}}},{"from":[16.001,3,2],"to":[16.001,4,3],"light_emission":15,"rotation":{"angle":0,"axis":"y","origin":[8,8,8]},"faces":{"east":{"uv":[13,12,14,13],"texture":"#glow","cullface":"east"}}},{"from":[16.001,5,3],"to":[16.001,6,4],"light_emission":15,"rotation":{"angle":0,"axis":"y","origin":[8,8,8]},"faces":{"east":{"uv":[12,10,13,11],"texture":"#glow","cullface":"east"}}},{"from":[16.001,12,8],"to":[16.001,13,10],"light_emission":15,"rotation":{"angle":0,"axis":"y","origin":[8,8,8]},"faces":{"east":{"uv":[6,3,8,4],"texture":"#glow","cullface":"east"}}},{"from":[16.001,13,6],"to":[16.001,14,8],"light_emission":15,"rotation":{"angle":0,"axis":"y","origin":[8,8,8]},"faces":{"east":{"uv":[8,2,10,3],"texture":"#glow","cullface":"east"}}},{"from":[16.001,9,11],"to":[16.001,12,12],"light_emission":15,"rotation":{"angle":0,"axis":"y","origin":[8,8,8]},"faces":{"east":{"uv":[4,4,5,7],"texture":"#glow","cullface":"east"}}},{"from":[16.001,10,10],"to":[16.001,13,11],"light_emission":15,"rotation":{"angle":0,"axis":"y","origin":[8,8,8]},"faces":{"east":{"uv":[5,3,6,6],"texture":"#glow","cullface":"east"}}},{"from":[16.001,6,1],"to":[16.001,7,4],"light_emission":15,"rotation":{"angle":0,"axis":"y","origin":[8,8,8]},"faces":{"east":{"uv":[12,9,15,10],"texture":"#glow","cullface":"east"}}},{"from":[16.001,7,2],"to":[16.001,8,4],"light_emission":15,"rotation":{"angle":0,"axis":"y","origin":[8,8,8]},"faces":{"east":{"uv":[12,8,14,9],"texture":"#glow","cullface":"east"}}},{"from":[16.001,8,1],"to":[16.001,9,3],"light_emission":15,"rotation":{"angle":0,"axis":"y","origin":[8,8,8]},"faces":{"east":{"uv":[13,7,15,8],"texture":"#glow","cullface":"east"}}},{"from":[16.001,4,11],"to":[16.001,5,12],"light_emission":15,"rotation":{"angle":0,"axis":"y","origin":[8,8,8]},"faces":{"east":{"uv":[4,11,5,12],"texture":"#glow","cullface":"east"}}},{"from":[16.001,8,9],"to":[16.001,9,10],"light_emission":15,"rotation":{"angle":0,"axis":"y","origin":[8,8,8]},"faces":{"east":{"uv":[6,7,7,8],"texture":"#glow","cullface":"east"}}},{"from":[16.001,8,7],"to":[16.001,9,8],"light_emission":15,"rotation":{"angle":0,"axis":"y","origin":[8,8,8]},"faces":{"east":{"uv":[8,7,9,8],"texture":"#glow","cullface":"east"}}},{"from":[16.001,10,6],"to":[16.001,11,7],"light_emission":15,"rotation":{"angle":0,"axis":"y","origin":[8,8,8]},"faces":{"east":{"uv":[9,5,10,6],"texture":"#glow","cullface":"east"}}},{"from":[16.001,10,4],"to":[16.001,11,5],"light_emission":15,"rotation":{"angle":0,"axis":"y","origin":[8,8,8]},"faces":{"east":{"uv":[11,5,12,6],"texture":"#glow","cullface":"east"}}},{"from":[16.001,9,5],"to":[16.001,10,10],"light_emission":15,"rotation":{"angle":0,"axis":"y","origin":[8,8,8]},"faces":{"east":{"uv":[6,6,11,7],"texture":"#glow","cullface":"east"}}},{"from":[16.001,3,6],"to":[16.001,4,9],"light_emission":15,"rotation":{"angle":0,"axis":"y","origin":[8,8,8]},"faces":{"east":{"uv":[7,12,10,13],"texture":"#glow","cullface":"east"}}},{"from":[16.001,5,10],"to":[16.001,6,13],"light_emission":15,"rotation":{"angle":0,"axis":"y","origin":[8,8,8]},"faces":{"east":{"uv":[3,10,6,11],"texture":"#glow","cullface":"east"}}},{"from":[16.001,6,10],"to":[16.001,8,12],"light_emission":15,"rotation":{"angle":0,"axis":"y","origin":[8,8,8]},"faces":{"east":{"uv":[4,8,6,10],"texture":"#glow","cullface":"east"}}},{"from":[8,16.001,13],"to":[9,16.001,14],"light_emission":15,"rotation":{"angle":0,"axis":"y","origin":[8,8,8]},"faces":{"up":{"uv":[8,13,9,14],"texture":"#glow","cullface":"up"}}},{"from":[9,16.001,11],"to":[10,16.001,12],"light_emission":15,"rotation":{"angle":0,"axis":"y","origin":[8,8,8]},"faces":{"up":{"uv":[9,11,10,12],"texture":"#glow","cullface":"up"}}},{"from":[12,16.001,13],"to":[13,16.001,14],"light_emission":15,"rotation":{"angle":0,"axis":"y","origin":[8,8,8]},"faces":{"up":{"uv":[12,13,13,14],"texture":"#glow","cullface":"up"}}},{"from":[13,16.001,12],"to":[14,16.001,13],"light_emission":15,"rotation":{"angle":0,"axis":"y","origin":[8,8,8]},"faces":{"up":{"uv":[13,12,14,13],"texture":"#glow","cullface":"up"}}},{"from":[12,16.001,10],"to":[13,16.001,11],"light_emission":15,"rotation":{"angle":0,"axis":"y","origin":[8,8,8]},"faces":{"up":{"uv":[12,10,13,11],"texture":"#glow","cullface":"up"}}},{"from":[6,16.001,3],"to":[8,16.001,4],"light_emission":15,"rotation":{"angle":0,"axis":"y","origin":[8,8,8]},"faces":{"up":{"uv":[6,3,8,4],"texture":"#glow","cullface":"up"}}},{"from":[8,16.001,2],"to":[10,16.001,3],"light_emission":15,"rotation":{"angle":0,"axis":"y","origin":[8,8,8]},"faces":{"up":{"uv":[8,2,10,3],"texture":"#glow","cullface":"up"}}},{"from":[4,16.001,4],"to":[5,16.001,7],"light_emission":15,"rotation":{"angle":0,"axis":"y","origin":[8,8,8]},"faces":{"up":{"uv":[4,4,5,7],"texture":"#glow","cullface":"up"}}},{"from":[5,16.001,3],"to":[6,16.001,6],"light_emission":15,"rotation":{"angle":0,"axis":"y","origin":[8,8,8]},"faces":{"up":{"uv":[5,3,6,6],"texture":"#glow","cullface":"up"}}},{"from":[12,16.001,9],"to":[15,16.001,10],"light_emission":15,"rotation":{"angle":0,"axis":"y","origin":[8,8,8]},"faces":{"up":{"uv":[12,9,15,10],"texture":"#glow","cullface":"up"}}},{"from":[12,16.001,8],"to":[14,16.001,9],"light_emission":15,"rotation":{"angle":0,"axis":"y","origin":[8,8,8]},"faces":{"up":{"uv":[12,8,14,9],"texture":"#glow","cullface":"up"}}},{"from":[13,16.001,7],"to":[15,16.001,8],"light_emission":15,"rotation":{"angle":0,"axis":"y","origin":[8,8,8]},"faces":{"up":{"uv":[13,7,15,8],"texture":"#glow","cullface":"up"}}},{"from":[4,16.001,11],"to":[5,16.001,12],"light_emission":15,"rotation":{"angle":0,"axis":"y","origin":[8,8,8]},"faces":{"up":{"uv":[4,11,5,12],"texture":"#glow","cullface":"up"}}},{"from":[6,16.001,7],"to":[7,16.001,8],"light_emission":15,"rotation":{"angle":0,"axis":"y","origin":[8,8,8]},"faces":{"up":{"uv":[6,7,7,8],"texture":"#glow","cullface":"up"}}},{"from":[8,16.001,7],"to":[9,16.001,8],"light_emission":15,"rotation":{"angle":0,"axis":"y","origin":[8,8,8]},"faces":{"up":{"uv":[8,7,9,8],"texture":"#glow","cullface":"up"}}},{"from":[9,16.001,5],"to":[10,16.001,6],"light_emission":15,"rotation":{"angle":0,"axis":"y","origin":[8,8,8]},"faces":{"up":{"uv":[9,5,10,6],"texture":"#glow","cullface":"up"}}},{"from":[11,16.001,5],"to":[12,16.001,6],"light_emission":15,"rotation":{"angle":0,"axis":"y","origin":[8,8,8]},"faces":{"up":{"uv":[11,5,12,6],"texture":"#glow","cullface":"up"}}},{"from":[6,16.001,6],"to":[11,16.001,7],"light_emission":15,"rotation":{"angle":0,"axis":"y","origin":[8,8,8]},"faces":{"up":{"uv":[6,6,11,7],"texture":"#glow","cullface":"up"}}},{"from":[7,16.001,12],"to":[10,16.001,13],"light_emission":15,"rotation":{"angle":0,"axis":"y","origin":[8,8,8]},"faces":{"up":{"uv":[7,12,10,13],"texture":"#glow","cullface":"up"}}},{"from":[3,16.001,10],"to":[6,16.001,11],"light_emission":15,"rotation":{"angle":0,"axis":"y","origin":[8,8,8]},"faces":{"up":{"uv":[3,10,6,11],"texture":"#glow","cullface":"up"}}},{"from":[4,16.001,8],"to":[6,16.001,10],"light_emission":15,"rotation":{"angle":0,"axis":"y","origin":[8,8,8]},"faces":{"up":{"uv":[4,8,6,10],"texture":"#glow","cullface":"up"}}},{"from":[8,-0.001,2],"to":[9,-0.001,3],"light_emission":15,"rotation":{"angle":0,"axis":"x","origin":[8,8,8]},"faces":{"down":{"uv":[8,13,9,14],"texture":"#glow","cullface":"down"}}},{"from":[9,-0.001,4],"to":[10,-0.001,5],"light_emission":15,"rotation":{"angle":0,"axis":"x","origin":[8,8,8]},"faces":{"down":{"uv":[9,11,10,12],"texture":"#glow","cullface":"down"}}},{"from":[12,-0.001,2],"to":[13,-0.001,3],"light_emission":15,"rotation":{"angle":0,"axis":"x","origin":[8,8,8]},"faces":{"down":{"uv":[12,13,13,14],"texture":"#glow","cullface":"down"}}},{"from":[13,-0.001,3],"to":[14,-0.001,4],"light_emission":15,"rotation":{"angle":0,"axis":"x","origin":[8,8,8]},"faces":{"down":{"uv":[13,12,14,13],"texture":"#glow","cullface":"down"}}},{"from":[12,-0.001,5],"to":[13,-0.001,6],"light_emission":15,"rotation":{"angle":0,"axis":"x","origin":[8,8,8]},"faces":{"down":{"uv":[12,10,13,11],"texture":"#glow","cullface":"down"}}},{"from":[6,-0.001,12],"to":[8,-0.001,13],"light_emission":15,"rotation":{"angle":0,"axis":"x","origin":[8,8,8]},"faces":{"down":{"uv":[6,3,8,4],"texture":"#glow","cullface":"down"}}},{"from":[8,-0.001,13],"to":[10,-0.001,14],"light_emission":15,"rotation":{"angle":0,"axis":"x","origin":[8,8,8]},"faces":{"down":{"uv":[8,2,10,3],"texture":"#glow","cullface":"down"}}},{"from":[4,-0.001,9],"to":[5,-0.001,12],"light_emission":15,"rotation":{"angle":0,"axis":"x","origin":[8,8,8]},"faces":{"down":{"uv":[4,4,5,7],"texture":"#glow","cullface":"down"}}},{"from":[5,-0.001,10],"to":[6,-0.001,13],"light_emission":15,"rotation":{"angle":0,"axis":"x","origin":[8,8,8]},"faces":{"down":{"uv":[5,3,6,6],"texture":"#glow","cullface":"down"}}},{"from":[12,-0.001,6],"to":[15,-0.001,7],"light_emission":15,"rotation":{"angle":0,"axis":"x","origin":[8,8,8]},"faces":{"down":{"uv":[12,9,15,10],"texture":"#glow","cullface":"down"}}},{"from":[12,-0.001,7],"to":[14,-0.001,8],"light_emission":15,"rotation":{"angle":0,"axis":"x","origin":[8,8,8]},"faces":{"down":{"uv":[12,8,14,9],"texture":"#glow","cullface":"down"}}},{"from":[13,-0.001,8],"to":[15,-0.001,9],"light_emission":15,"rotation":{"angle":0,"axis":"x","origin":[8,8,8]},"faces":{"down":{"uv":[13,7,15,8],"texture":"#glow","cullface":"down"}}},{"from":[4,-0.001,4],"to":[5,-0.001,5],"light_emission":15,"rotation":{"angle":0,"axis":"x","origin":[8,8,8]},"faces":{"down":{"uv":[4,11,5,12],"texture":"#glow","cullface":"down"}}},{"from":[6,-0.001,8],"to":[7,-0.001,9],"light_emission":15,"rotation":{"angle":0,"axis":"x","origin":[8,8,8]},"faces":{"down":{"uv":[6,7,7,8],"texture":"#glow","cullface":"down"}}},{"from":[8,-0.001,8],"to":[9,-0.001,9],"light_emission":15,"rotation":{"angle":0,"axis":"x","origin":[8,8,8]},"faces":{"down":{"uv":[8,7,9,8],"texture":"#glow","cullface":"down"}}},{"from":[9,-0.001,10],"to":[10,-0.001,11],"light_emission":15,"rotation":{"angle":0,"axis":"x","origin":[8,8,8]},"faces":{"down":{"uv":[9,5,10,6],"texture":"#glow","cullface":"down"}}},{"from":[11,-0.001,10],"to":[12,-0.001,11],"light_emission":15,"rotation":{"angle":0,"axis":"x","origin":[8,8,8]},"faces":{"down":{"uv":[11,5,12,6],"texture":"#glow","cullface":"down"}}},{"from":[6,-0.001,9],"to":[11,-0.001,10],"light_emission":15,"rotation":{"angle":0,"axis":"x","origin":[8,8,8]},"faces":{"down":{"uv":[6,6,11,7],"texture":"#glow","cullface":"down"}}},{"from":[7,-0.001,3],"to":[10,-0.001,4],"light_emission":15,"rotation":{"angle":0,"axis":"x","origin":[8,8,8]},"faces":{"down":{"uv":[7,12,10,13],"texture":"#glow","cullface":"down"}}},{"from":[3,-0.001,5],"to":[6,-0.001,6],"light_emission":15,"rotation":{"angle":0,"axis":"x","origin":[8,8,8]},"faces":{"down":{"uv":[3,10,6,11],"texture":"#glow","cullface":"down"}}},{"from":[4,-0.001,6],"to":[6,-0.001,8],"light_emission":15,"rotation":{"angle":0,"axis":"x","origin":[8,8,8]},"faces":{"down":{"uv":[4,8,6,10],"texture":"#glow","cullface":"down"}}}],"display":{"thirdperson_righthand":{"rotation":[75,45,0],"translation":[0,2.5,0],"scale":[0.375,0.375,0.375]},"thirdperson_lefthand":{"rotation":[75,45,0],"translation":[0,2.5,0],"scale":[0.375,0.375,0.375]},"firstperson_righthand":{"rotation":[0,45,0],"scale":[0.4,0.4,0.4]},"firstperson_lefthand":{"rotation":[0,225,0],"scale":[0.4,0.4,0.4]},"ground":{"translation":[0,3,0],"scale":[0.25,0.25,0.25]},"gui":{"rotation":[30,225,0],"scale":[0.625,0.625,0.625]},"fixed":{"scale":[0.5,0.5,0.5]}},"groups":[0,{"name":"glow1","origin":[8,8,8],"color":0,"children":[1,2,3,4,5,6,7,8,9,10,11,12,13,14,15,16,17,18,19,20,21,{"name":"glow2","origin":[8,8,8],"color":0,"children":[22,23,24,25,26,27,28,29,30,31,32,33,34,35,36,37,38,39,40,41,42,{"name":"glow3","origin":[8,8,8],"color":0,"children":[43,44,45,46,47,48,49,50,51,52,53,54,55,56,57,58,59,60,61,62,63,{"name":"glow4","origin":[8,8,8],"color":0,"children":[64,65,66,67,68,69,70,71,72,73,74,75,76,77,78,79,80,81,82,83,84,{"name":"glow5","origin":[8,8,8],"color":0,"children":[85,86,87,88,89,90,91,92,93,94,95,96,97,98,99,100,101,102,103,104,105,{"name":"glow6","origin":[8,8,8],"color":0,"children":[106,107,108,109,110,111,112,113,114,115,116,117,118,119,120,121,122,123,124,125,126]}]}]}]}]}]}]}