{"credit":"Made by sniffercraft34","textures":{"particle":"#ore","ore":"#ore","glow":"block/diamond_ore_glow"},"elements":[{"from":[0,0,0],"to":[16,16,16],"faces":{"north":{"uv":[0,0,16,16],"texture":"#ore","cullface":"north"},"east":{"uv":[0,0,16,16],"texture":"#ore","cullface":"east"},"south":{"uv":[0,0,16,16],"texture":"#ore","cullface":"south"},"west":{"uv":[0,0,16,16],"texture":"#ore","cullface":"west"},"up":{"uv":[0,0,16,16],"texture":"#ore","cullface":"up"},"down":{"uv":[0,0,16,16],"texture":"#ore","cullface":"down"}}},{"from":[10,16.001,14],"to":[11,16.001,15],"light_emission":15,"rotation":{"angle":0,"axis":"y","origin":[8,8,8]},"faces":{"up":{"uv":[10,14,11,15],"texture":"#glow","cullface":"up"}}},{"from":[9,16.001,13],"to":[13,16.001,14],"light_emission":15,"rotation":{"angle":0,"axis":"y","origin":[8,8,8]},"faces":{"up":{"uv":[9,13,13,14],"texture":"#glow","cullface":"up"}}},{"from":[8,16.001,12],"to":[14,16.001,13],"light_emission":15,"rotation":{"angle":0,"axis":"y","origin":[8,8,8]},"faces":{"up":{"uv":[8,12,14,13],"texture":"#glow","cullface":"up"}}},{"from":[11,16.001,11],"to":[13,16.001,12],"light_emission":15,"rotation":{"angle":0,"axis":"y","origin":[8,8,8]},"faces":{"up":{"uv":[11,11,13,12],"texture":"#glow","cullface":"up"}}},{"from":[3,16.001,14],"to":[4,16.001,15],"light_emission":15,"rotation":{"angle":0,"axis":"y","origin":[8,8,8]},"faces":{"up":{"uv":[3,14,4,15],"texture":"#glow","cullface":"up"}}},{"from":[4,16.001,7],"to":[5,16.001,8],"light_emission":15,"rotation":{"angle":0,"axis":"y","origin":[8,8,8]},"faces":{"up":{"uv":[4,7,5,8],"texture":"#glow","cullface":"up"}}},{"from":[3,16.001,8],"to":[4,16.001,9],"light_emission":15,"rotation":{"angle":0,"axis":"y","origin":[8,8,8]},"faces":{"up":{"uv":[3,8,4,9],"texture":"#glow","cullface":"up"}}},{"from":[4,16.001,10],"to":[5,16.001,11],"light_emission":15,"rotation":{"angle":0,"axis":"y","origin":[9,8,10]},"faces":{"up":{"uv":[4,10,5,11],"texture":"#glow","cullface":"up"}}},{"from":[5,16.001,5],"to":[7,16.001,6],"light_emission":15,"rotation":{"angle":0,"axis":"y","origin":[10,8,5]},"faces":{"up":{"uv":[5,5,7,6],"texture":"#glow","cullface":"up"}}},{"from":[4,16.001,2],"to":[5,16.001,4],"light_emission":15,"rotation":{"angle":0,"axis":"y","origin":[9,8,2]},"faces":{"up":{"uv":[4,2,5,4],"texture":"#glow","cullface":"up"}}},{"from":[3,16.001,6],"to":[9,16.001,7],"light_emission":15,"rotation":{"angle":0,"axis":"x","origin":[8,8,8]},"faces":{"up":{"uv":[3,7,9,6],"texture":"#glow","cullface":"up"}}},{"from":[11,16.001,7],"to":[12,16.001,8],"light_emission":15,"rotation":{"angle":0,"axis":"y","origin":[8,8,8]},"faces":{"up":{"uv":[11,8,12,7],"texture":"#glow","cullface":"up"}}},{"from":[8,16.001,4],"to":[9,16.001,5],"light_emission":15,"rotation":{"angle":0,"axis":"y","origin":[8,8,8]},"faces":{"up":{"uv":[8,5,9,4],"texture":"#glow","cullface":"up"}}},{"from":[7,16.001,3],"to":[10,16.001,4],"light_emission":15,"rotation":{"angle":0,"axis":"y","origin":[8,8,8]},"faces":{"up":{"uv":[7,4,10,3],"texture":"#glow","cullface":"up"}}},{"from":[12,16.001,3],"to":[13,16.001,4],"light_emission":15,"rotation":{"angle":0,"axis":"y","origin":[8,8,8]},"faces":{"up":{"uv":[13,4,12,3],"texture":"#glow","cullface":"up"}}},{"from":[12,16.001,2],"to":[14,16.001,3],"light_emission":15,"rotation":{"angle":0,"axis":"y","origin":[8,8,7]},"faces":{"up":{"uv":[14,3,12,2],"texture":"#glow","cullface":"up"}}},{"from":[10,16.001,5],"to":[12,16.001,7],"light_emission":15,"rotation":{"angle":0,"axis":"y","origin":[8,8,8]},"faces":{"up":{"uv":[12,7,10,5],"texture":"#glow","cullface":"up"}}},{"from":[8,16.001,10],"to":[11,16.001,11],"light_emission":15,"rotation":{"angle":0,"axis":"y","origin":[8,8,8]},"faces":{"up":{"uv":[8,10,10,11],"texture":"#glow","cullface":"up"}}},{"from":[7,16.001,9],"to":[12,16.001,10],"light_emission":15,"rotation":{"angle":0,"axis":"y","origin":[8,8,7]},"faces":{"up":{"uv":[7,9,12,10],"texture":"#glow","cullface":"up"}}},{"from":[8,16.001,8],"to":[10,16.001,9],"light_emission":15,"rotation":{"angle":0,"axis":"y","origin":[8,8,6]},"faces":{"up":{"uv":[8,8,10,9],"texture":"#glow","cullface":"up"}}},{"from":[1,16.001,8],"to":[3,16.001,10],"light_emission":15,"rotation":{"angle":0,"axis":"y","origin":[8,8,8]},"faces":{"up":{"uv":[1,8,3,10],"texture":"#glow","cullface":"up"}}},{"from":[2,16.001,13],"to":[5,16.001,14],"light_emission":15,"rotation":{"angle":0,"axis":"y","origin":[8,8,8]},"faces":{"up":{"uv":[2,13,5,14],"texture":"#glow","cullface":"up"}}},{"from":[10,1,16.001],"to":[11,2,16.001],"light_emission":15,"rotation":{"angle":0,"axis":"x","origin":[8,8,16]},"faces":{"south":{"uv":[10,14,11,15],"texture":"#glow","cullface":"south"}}},{"from":[9,2,16.001],"to":[13,3,16.001],"light_emission":15,"rotation":{"angle":0,"axis":"x","origin":[8,8,16]},"faces":{"south":{"uv":[9,13,13,14],"texture":"#glow","cullface":"south"}}},{"from":[8,3,16.001],"to":[14,4,16.001],"light_emission":15,"rotation":{"angle":0,"axis":"x","origin":[8,8,16]},"faces":{"south":{"uv":[8,12,14,13],"texture":"#glow","cullface":"south"}}},{"from":[11,4,16.001],"to":[13,5,16.001],"light_emission":15,"rotation":{"angle":0,"axis":"x","origin":[8,8,16]},"faces":{"south":{"uv":[11,11,13,12],"texture":"#glow","cullface":"south"}}},{"from":[3,1,16.001],"to":[4,2,16.001],"light_emission":15,"rotation":{"angle":0,"axis":"x","origin":[8,8,16]},"faces":{"south":{"uv":[3,14,4,15],"texture":"#glow","cullface":"south"}}},{"from":[4,8,16.001],"to":[5,9,16.001],"light_emission":15,"rotation":{"angle":0,"axis":"x","origin":[8,8,16]},"faces":{"south":{"uv":[4,7,5,8],"texture":"#glow","cullface":"south"}}},{"from":[3,7,16.001],"to":[4,8,16.001],"light_emission":15,"rotation":{"angle":0,"axis":"x","origin":[8,8,16]},"faces":{"south":{"uv":[3,8,4,9],"texture":"#glow","cullface":"south"}}},{"from":[4,5,16.001],"to":[5,6,16.001],"light_emission":15,"rotation":{"angle":0,"axis":"x","origin":[8,8,16]},"faces":{"south":{"uv":[4,10,5,11],"texture":"#glow","cullface":"south"}}},{"from":[5,10,16.001],"to":[7,11,16.001],"light_emission":15,"rotation":{"angle":0,"axis":"x","origin":[8,8,16]},"faces":{"south":{"uv":[5,5,7,6],"texture":"#glow","cullface":"south"}}},{"from":[4,12,16.001],"to":[5,14,16.001],"light_emission":15,"rotation":{"angle":0,"axis":"x","origin":[8,8,16]},"faces":{"south":{"uv":[4,2,5,4],"texture":"#glow","cullface":"south"}}},{"from":[3,9,16.001],"to":[9,10,16.001],"light_emission":15,"rotation":{"angle":0,"axis":"x","origin":[8,8,16]},"faces":{"south":{"uv":[3,7,9,6],"texture":"#glow","cullface":"south"}}},{"from":[11,8,16.001],"to":[12,9,16.001],"light_emission":15,"rotation":{"angle":0,"axis":"x","origin":[8,8,16]},"faces":{"south":{"uv":[11,8,12,7],"texture":"#glow","cullface":"south"}}},{"from":[8,11,16.001],"to":[9,12,16.001],"light_emission":15,"rotation":{"angle":0,"axis":"x","origin":[8,8,16]},"faces":{"south":{"uv":[8,5,9,4],"texture":"#glow","cullface":"south"}}},{"from":[7,12,16.001],"to":[10,13,16.001],"light_emission":15,"rotation":{"angle":0,"axis":"x","origin":[8,8,16]},"faces":{"south":{"uv":[7,4,10,3],"texture":"#glow","cullface":"south"}}},{"from":[12,12,16.001],"to":[13,13,16.001],"light_emission":15,"rotation":{"angle":0,"axis":"x","origin":[8,8,16]},"faces":{"south":{"uv":[13,4,12,3],"texture":"#glow","cullface":"south"}}},{"from":[12,13,16.001],"to":[14,14,16.001],"light_emission":15,"rotation":{"angle":0,"axis":"x","origin":[8,8,16]},"faces":{"south":{"uv":[14,3,12,2],"texture":"#glow","cullface":"south"}}},{"from":[10,9,16.001],"to":[12,11,16.001],"light_emission":15,"rotation":{"angle":0,"axis":"x","origin":[8,8,16]},"faces":{"south":{"uv":[12,7,10,5],"texture":"#glow","cullface":"south"}}},{"from":[8,5,16.001],"to":[11,6,16.001],"light_emission":15,"rotation":{"angle":0,"axis":"x","origin":[8,8,16]},"faces":{"south":{"uv":[8,10,10,11],"texture":"#glow","cullface":"south"}}},{"from":[7,6,16.001],"to":[12,7,16.001],"light_emission":15,"rotation":{"angle":0,"axis":"x","origin":[8,8,16]},"faces":{"south":{"uv":[7,9,12,10],"texture":"#glow","cullface":"south"}}},{"from":[8,7,16.001],"to":[10,8,16.001],"light_emission":15,"rotation":{"angle":0,"axis":"x","origin":[8,8,16]},"faces":{"south":{"uv":[8,8,10,9],"texture":"#glow","cullface":"south"}}},{"from":[1,6,16.001],"to":[3,8,16.001],"light_emission":15,"rotation":{"angle":0,"axis":"x","origin":[8,8,16]},"faces":{"south":{"uv":[1,8,3,10],"texture":"#glow","cullface":"south"}}},{"from":[2,2,16.001],"to":[5,3,16.001],"light_emission":15,"rotation":{"angle":0,"axis":"x","origin":[8,8,16]},"faces":{"south":{"uv":[2,13,5,14],"texture":"#glow","cullface":"south"}}},{"from":[-0.001,1,10],"to":[-0.001,2,11],"light_emission":15,"rotation":{"angle":0,"axis":"y","origin":[8,8,8]},"faces":{"west":{"uv":[10,14,11,15],"texture":"#glow","cullface":"west"}}},{"from":[-0.001,2,9],"to":[-0.001,3,13],"light_emission":15,"rotation":{"angle":0,"axis":"y","origin":[8,8,8]},"faces":{"west":{"uv":[9,13,13,14],"texture":"#glow","cullface":"west"}}},{"from":[-0.001,3,8],"to":[-0.001,4,14],"light_emission":15,"rotation":{"angle":0,"axis":"y","origin":[8,8,8]},"faces":{"west":{"uv":[8,12,14,13],"texture":"#glow","cullface":"west"}}},{"from":[-0.001,4,11],"to":[-0.001,5,13],"light_emission":15,"rotation":{"angle":0,"axis":"y","origin":[8,8,8]},"faces":{"west":{"uv":[11,11,13,12],"texture":"#glow","cullface":"west"}}},{"from":[-0.001,1,3],"to":[-0.001,2,4],"light_emission":15,"rotation":{"angle":0,"axis":"y","origin":[8,8,8]},"faces":{"west":{"uv":[3,14,4,15],"texture":"#glow","cullface":"west"}}},{"from":[-0.001,8,4],"to":[-0.001,9,5],"light_emission":15,"rotation":{"angle":0,"axis":"y","origin":[8,8,8]},"faces":{"west":{"uv":[4,7,5,8],"texture":"#glow","cullface":"west"}}},{"from":[-0.001,7,3],"to":[-0.001,8,4],"light_emission":15,"rotation":{"angle":0,"axis":"y","origin":[8,8,8]},"faces":{"west":{"uv":[3,8,4,9],"texture":"#glow","cullface":"west"}}},{"from":[-0.001,5,4],"to":[-0.001,6,5],"light_emission":15,"rotation":{"angle":0,"axis":"y","origin":[8,8,8]},"faces":{"west":{"uv":[4,10,5,11],"texture":"#glow","cullface":"west"}}},{"from":[-0.001,10,5],"to":[-0.001,11,7],"light_emission":15,"rotation":{"angle":0,"axis":"y","origin":[8,8,8]},"faces":{"west":{"uv":[5,5,7,6],"texture":"#glow","cullface":"west"}}},{"from":[-0.001,12,4],"to":[-0.001,14,5],"light_emission":15,"rotation":{"angle":0,"axis":"y","origin":[8,8,8]},"faces":{"west":{"uv":[4,2,5,4],"texture":"#glow","cullface":"west"}}},{"from":[-0.001,9,3],"to":[-0.001,10,9],"light_emission":15,"rotation":{"angle":0,"axis":"y","origin":[8,8,8]},"faces":{"west":{"uv":[3,7,9,6],"texture":"#glow","cullface":"west"}}},{"from":[-0.001,8,11],"to":[-0.001,9,12],"light_emission":15,"rotation":{"angle":0,"axis":"y","origin":[8,8,8]},"faces":{"west":{"uv":[11,8,12,7],"texture":"#glow","cullface":"west"}}},{"from":[-0.001,11,8],"to":[-0.001,12,9],"light_emission":15,"rotation":{"angle":0,"axis":"y","origin":[8,8,8]},"faces":{"west":{"uv":[8,5,9,4],"texture":"#glow","cullface":"west"}}},{"from":[-0.001,12,7],"to":[-0.001,13,10],"light_emission":15,"rotation":{"angle":0,"axis":"y","origin":[8,8,8]},"faces":{"west":{"uv":[7,4,10,3],"texture":"#glow","cullface":"west"}}},{"from":[-0.001,12,12],"to":[-0.001,13,13],"light_emission":15,"rotation":{"angle":0,"axis":"y","origin":[8,8,8]},"faces":{"west":{"uv":[13,4,12,3],"texture":"#glow","cullface":"west"}}},{"from":[-0.001,13,12],"to":[-0.001,14,14],"light_emission":15,"rotation":{"angle":0,"axis":"y","origin":[8,8,8]},"faces":{"west":{"uv":[14,3,12,2],"texture":"#glow","cullface":"west"}}},{"from":[-0.001,9,10],"to":[-0.001,11,12],"light_emission":15,"rotation":{"angle":0,"axis":"y","origin":[8,8,8]},"faces":{"west":{"uv":[12,7,10,5],"texture":"#glow","cullface":"west"}}},{"from":[-0.001,5,8],"to":[-0.001,6,11],"light_emission":15,"rotation":{"angle":0,"axis":"y","origin":[8,8,8]},"faces":{"west":{"uv":[8,10,10,11],"texture":"#glow","cullface":"west"}}},{"from":[-0.001,6,7],"to":[-0.001,7,12],"light_emission":15,"rotation":{"angle":0,"axis":"y","origin":[8,8,8]},"faces":{"west":{"uv":[7,9,12,10],"texture":"#glow","cullface":"west"}}},{"from":[-0.001,7,8],"to":[-0.001,8,10],"light_emission":15,"rotation":{"angle":0,"axis":"y","origin":[8,8,8]},"faces":{"west":{"uv":[8,8,10,9],"texture":"#glow","cullface":"west"}}},{"from":[-0.001,6,1],"to":[-0.001,8,3],"light_emission":15,"rotation":{"angle":0,"axis":"y","origin":[8,8,8]},"faces":{"west":{"uv":[1,8,3,10],"texture":"#glow","cullface":"west"}}},{"from":[-0.001,2,2],"to":[-0.001,3,5],"light_emission":15,"rotation":{"angle":0,"axis":"y","origin":[8,8,8]},"faces":{"west":{"uv":[2,13,5,14],"texture":"#glow","cullface":"west"}}},{"from":[5,1,-0.001],"to":[6,2,-0.001],"light_emission":15,"rotation":{"angle":0,"axis":"y","origin":[8,8,8]},"faces":{"north":{"uv":[10,14,11,15],"texture":"#glow","cullface":"north"}}},{"from":[3,2,-0.001],"to":[7,3,-0.001],"light_emission":15,"rotation":{"angle":0,"axis":"y","origin":[8,8,8]},"faces":{"north":{"uv":[9,13,13,14],"texture":"#glow","cullface":"north"}}},{"from":[2,3,-0.001],"to":[8,4,-0.001],"light_emission":15,"rotation":{"angle":0,"axis":"y","origin":[8,8,8]},"faces":{"north":{"uv":[8,12,14,13],"texture":"#glow","cullface":"north"}}},{"from":[3,4,-0.001],"to":[5,5,-0.001],"light_emission":15,"rotation":{"angle":0,"axis":"y","origin":[8,8,8]},"faces":{"north":{"uv":[11,11,13,12],"texture":"#glow","cullface":"north"}}},{"from":[12,1,-0.001],"to":[13,2,-0.001],"light_emission":15,"rotation":{"angle":0,"axis":"y","origin":[8,8,8]},"faces":{"north":{"uv":[3,14,4,15],"texture":"#glow","cullface":"north"}}},{"from":[11,8,-0.001],"to":[12,9,-0.001],"light_emission":15,"rotation":{"angle":0,"axis":"y","origin":[8,8,8]},"faces":{"north":{"uv":[4,7,5,8],"texture":"#glow","cullface":"north"}}},{"from":[12,7,-0.001],"to":[13,8,-0.001],"light_emission":15,"rotation":{"angle":0,"axis":"y","origin":[8,8,8]},"faces":{"north":{"uv":[3,8,4,9],"texture":"#glow","cullface":"north"}}},{"from":[11,5,-0.001],"to":[12,6,-0.001],"light_emission":15,"rotation":{"angle":0,"axis":"y","origin":[8,8,8]},"faces":{"north":{"uv":[4,10,5,11],"texture":"#glow","cullface":"north"}}},{"from":[9,10,-0.001],"to":[11,11,-0.001],"light_emission":15,"rotation":{"angle":0,"axis":"y","origin":[8,8,8]},"faces":{"north":{"uv":[5,5,7,6],"texture":"#glow","cullface":"north"}}},{"from":[11,12,-0.001],"to":[12,14,-0.001],"light_emission":15,"rotation":{"angle":0,"axis":"y","origin":[8,8,8]},"faces":{"north":{"uv":[4,2,5,4],"texture":"#glow","cullface":"north"}}},{"from":[7,9,-0.001],"to":[13,10,-0.001],"light_emission":15,"rotation":{"angle":0,"axis":"y","origin":[8,8,8]},"faces":{"north":{"uv":[3,7,9,6],"texture":"#glow","cullface":"north"}}},{"from":[4,8,-0.001],"to":[5,9,-0.001],"light_emission":15,"rotation":{"angle":0,"axis":"y","origin":[8,8,8]},"faces":{"north":{"uv":[11,8,12,7],"texture":"#glow","cullface":"north"}}},{"from":[7,11,-0.001],"to":[8,12,-0.001],"light_emission":15,"rotation":{"angle":0,"axis":"y","origin":[8,8,8]},"faces":{"north":{"uv":[8,5,9,4],"texture":"#glow","cullface":"north"}}},{"from":[6,12,-0.001],"to":[9,13,-0.001],"light_emission":15,"rotation":{"angle":0,"axis":"y","origin":[8,8,8]},"faces":{"north":{"uv":[7,4,10,3],"texture":"#glow","cullface":"north"}}},{"from":[3,12,-0.001],"to":[4,13,-0.001],"light_emission":15,"rotation":{"angle":0,"axis":"y","origin":[8,8,8]},"faces":{"north":{"uv":[13,4,12,3],"texture":"#glow","cullface":"north"}}},{"from":[2,13,-0.001],"to":[4,14,-0.001],"light_emission":15,"rotation":{"angle":0,"axis":"y","origin":[8,8,8]},"faces":{"north":{"uv":[14,3,12,2],"texture":"#glow","cullface":"north"}}},{"from":[4,9,-0.001],"to":[6,11,-0.001],"light_emission":15,"rotation":{"angle":0,"axis":"y","origin":[8,8,8]},"faces":{"north":{"uv":[12,7,10,5],"texture":"#glow","cullface":"north"}}},{"from":[5,5,-0.001],"to":[8,6,-0.001],"light_emission":15,"rotation":{"angle":0,"axis":"y","origin":[8,8,8]},"faces":{"north":{"uv":[8,10,10,11],"texture":"#glow","cullface":"north"}}},{"from":[4,6,-0.001],"to":[9,7,-0.001],"light_emission":15,"rotation":{"angle":0,"axis":"y","origin":[8,8,8]},"faces":{"north":{"uv":[7,9,12,10],"texture":"#glow","cullface":"north"}}},{"from":[6,7,-0.001],"to":[8,8,-0.001],"light_emission":15,"rotation":{"angle":0,"axis":"y","origin":[8,8,8]},"faces":{"north":{"uv":[8,8,10,9],"texture":"#glow","cullface":"north"}}},{"from":[13,6,-0.001],"to":[15,8,-0.001],"light_emission":15,"rotation":{"angle":0,"axis":"y","origin":[8,8,8]},"faces":{"north":{"uv":[1,8,3,10],"texture":"#glow","cullface":"north"}}},{"from":[11,2,-0.001],"to":[14,3,-0.001],"light_emission":15,"rotation":{"angle":0,"axis":"y","origin":[8,8,8]},"faces":{"north":{"uv":[2,13,5,14],"texture":"#glow","cullface":"north"}}},{"from":[16.001,1,5],"to":[16.001,2,6],"light_emission":15,"rotation":{"angle":0,"axis":"y","origin":[8,8,8]},"faces":{"east":{"uv":[10,14,11,15],"texture":"#glow","cullface":"east"}}},{"from":[16.001,2,3],"to":[16.001,3,7],"light_emission":15,"rotation":{"angle":0,"axis":"y","origin":[8,8,8]},"faces":{"east":{"uv":[9,13,13,14],"texture":"#glow","cullface":"east"}}},{"from":[16.001,3,2],"to":[16.001,4,8],"light_emission":15,"rotation":{"angle":0,"axis":"y","origin":[8,8,8]},"faces":{"east":{"uv":[8,12,14,13],"texture":"#glow","cullface":"east"}}},{"from":[16.001,4,3],"to":[16.001,5,5],"light_emission":15,"rotation":{"angle":0,"axis":"y","origin":[8,8,8]},"faces":{"east":{"uv":[11,11,13,12],"texture":"#glow","cullface":"east"}}},{"from":[16.001,1,12],"to":[16.001,2,13],"light_emission":15,"rotation":{"angle":0,"axis":"y","origin":[8,8,8]},"faces":{"east":{"uv":[3,14,4,15],"texture":"#glow","cullface":"east"}}},{"from":[16.001,8,11],"to":[16.001,9,12],"light_emission":15,"rotation":{"angle":0,"axis":"y","origin":[8,8,8]},"faces":{"east":{"uv":[4,7,5,8],"texture":"#glow","cullface":"east"}}},{"from":[16.001,7,12],"to":[16.001,8,13],"light_emission":15,"rotation":{"angle":0,"axis":"y","origin":[8,8,8]},"faces":{"east":{"uv":[3,8,4,9],"texture":"#glow","cullface":"east"}}},{"from":[16.001,5,11],"to":[16.001,6,12],"light_emission":15,"rotation":{"angle":0,"axis":"y","origin":[8,8,8]},"faces":{"east":{"uv":[4,10,5,11],"texture":"#glow","cullface":"east"}}},{"from":[16.001,10,9],"to":[16.001,11,11],"light_emission":15,"rotation":{"angle":0,"axis":"y","origin":[8,8,8]},"faces":{"east":{"uv":[5,5,7,6],"texture":"#glow","cullface":"east"}}},{"from":[16.001,12,11],"to":[16.001,14,12],"light_emission":15,"rotation":{"angle":0,"axis":"y","origin":[8,8,8]},"faces":{"east":{"uv":[4,2,5,4],"texture":"#glow","cullface":"east"}}},{"from":[16.001,9,7],"to":[16.001,10,13],"light_emission":15,"rotation":{"angle":0,"axis":"y","origin":[8,8,8]},"faces":{"east":{"uv":[3,7,9,6],"texture":"#glow","cullface":"east"}}},{"from":[16.001,8,4],"to":[16.001,9,5],"light_emission":15,"rotation":{"angle":0,"axis":"y","origin":[8,8,8]},"faces":{"east":{"uv":[11,8,12,7],"texture":"#glow","cullface":"east"}}},{"from":[16.001,11,7],"to":[16.001,12,8],"light_emission":15,"rotation":{"angle":0,"axis":"y","origin":[8,8,8]},"faces":{"east":{"uv":[8,5,9,4],"texture":"#glow","cullface":"east"}}},{"from":[16.001,12,6],"to":[16.001,13,9],"light_emission":15,"rotation":{"angle":0,"axis":"y","origin":[8,8,8]},"faces":{"east":{"uv":[7,4,10,3],"texture":"#glow","cullface":"east"}}},{"from":[16.001,12,3],"to":[16.001,13,4],"light_emission":15,"rotation":{"angle":0,"axis":"y","origin":[8,8,8]},"faces":{"east":{"uv":[13,4,12,3],"texture":"#glow","cullface":"east"}}},{"from":[16.001,13,2],"to":[16.001,14,4],"light_emission":15,"rotation":{"angle":0,"axis":"y","origin":[8,8,8]},"faces":{"east":{"uv":[14,3,12,2],"texture":"#glow","cullface":"east"}}},{"from":[16.001,9,4],"to":[16.001,11,6],"light_emission":15,"rotation":{"angle":0,"axis":"y","origin":[8,8,8]},"faces":{"east":{"uv":[12,7,10,5],"texture":"#glow","cullface":"east"}}},{"from":[16.001,5,5],"to":[16.001,6,8],"light_emission":15,"rotation":{"angle":0,"axis":"y","origin":[8,8,8]},"faces":{"east":{"uv":[8,10,10,11],"texture":"#glow","cullface":"east"}}},{"from":[16.001,6,4],"to":[16.001,7,9],"light_emission":15,"rotation":{"angle":0,"axis":"y","origin":[8,8,8]},"faces":{"east":{"uv":[7,9,12,10],"texture":"#glow","cullface":"east"}}},{"from":[16.001,7,6],"to":[16.001,8,8],"light_emission":15,"rotation":{"angle":0,"axis":"y","origin":[8,8,8]},"faces":{"east":{"uv":[8,8,10,9],"texture":"#glow","cullface":"east"}}},{"from":[16.001,6,13],"to":[16.001,8,15],"light_emission":15,"rotation":{"angle":0,"axis":"y","origin":[8,8,8]},"faces":{"east":{"uv":[1,8,3,10],"texture":"#glow","cullface":"east"}}},{"from":[16.001,2,11],"to":[16.001,3,14],"light_emission":15,"rotation":{"angle":0,"axis":"y","origin":[8,8,8]},"faces":{"east":{"uv":[2,13,5,14],"texture":"#glow","cullface":"east"}}},{"from":[10,-0.001,1],"to":[11,-0.001,2],"light_emission":15,"rotation":{"angle":0,"axis":"y","origin":[8,8,8]},"faces":{"down":{"uv":[10,14,11,15],"texture":"#glow","cullface":"down"}}},{"from":[9,-0.001,2],"to":[13,-0.001,3],"light_emission":15,"rotation":{"angle":0,"axis":"y","origin":[8,8,8]},"faces":{"down":{"uv":[9,13,13,14],"texture":"#glow","cullface":"down"}}},{"from":[8,-0.001,3],"to":[14,-0.001,4],"light_emission":15,"rotation":{"angle":0,"axis":"y","origin":[8,8,8]},"faces":{"down":{"uv":[8,12,14,13],"texture":"#glow","cullface":"down"}}},{"from":[11,-0.001,4],"to":[13,-0.001,5],"light_emission":15,"rotation":{"angle":0,"axis":"y","origin":[8,8,8]},"faces":{"down":{"uv":[11,11,13,12],"texture":"#glow","cullface":"down"}}},{"from":[3,-0.001,1],"to":[4,-0.001,2],"light_emission":15,"rotation":{"angle":0,"axis":"y","origin":[8,8,8]},"faces":{"down":{"uv":[3,14,4,15],"texture":"#glow","cullface":"down"}}},{"from":[4,-0.001,8],"to":[5,-0.001,9],"light_emission":15,"rotation":{"angle":0,"axis":"y","origin":[8,8,8]},"faces":{"down":{"uv":[4,7,5,8],"texture":"#glow","cullface":"down"}}},{"from":[3,-0.001,7],"to":[4,-0.001,8],"light_emission":15,"rotation":{"angle":0,"axis":"y","origin":[8,8,8]},"faces":{"down":{"uv":[3,8,4,9],"texture":"#glow","cullface":"down"}}},{"from":[4,-0.001,5],"to":[5,-0.001,6],"light_emission":15,"rotation":{"angle":0,"axis":"y","origin":[8,8,8]},"faces":{"down":{"uv":[4,10,5,11],"texture":"#glow","cullface":"down"}}},{"from":[5,-0.001,10],"to":[7,-0.001,11],"light_emission":15,"rotation":{"angle":0,"axis":"y","origin":[8,8,8]},"faces":{"down":{"uv":[5,5,7,6],"texture":"#glow","cullface":"down"}}},{"from":[4,-0.001,12],"to":[5,-0.001,14],"light_emission":15,"rotation":{"angle":0,"axis":"y","origin":[8,8,8]},"faces":{"down":{"uv":[4,2,5,4],"texture":"#glow","cullface":"down"}}},{"from":[3,-0.001,9],"to":[9,-0.001,10],"light_emission":15,"rotation":{"angle":0,"axis":"y","origin":[8,8,8]},"faces":{"down":{"uv":[3,7,9,6],"texture":"#glow","cullface":"down"}}},{"from":[11,-0.001,8],"to":[12,-0.001,9],"light_emission":15,"rotation":{"angle":0,"axis":"y","origin":[8,8,8]},"faces":{"down":{"uv":[11,8,12,7],"texture":"#glow","cullface":"down"}}},{"from":[8,-0.001,11],"to":[9,-0.001,12],"light_emission":15,"rotation":{"angle":0,"axis":"y","origin":[8,8,8]},"faces":{"down":{"uv":[8,5,9,4],"texture":"#glow","cullface":"down"}}},{"from":[7,-0.001,12],"to":[10,-0.001,13],"light_emission":15,"rotation":{"angle":0,"axis":"y","origin":[8,8,8]},"faces":{"down":{"uv":[7,4,10,3],"texture":"#glow","cullface":"down"}}},{"from":[12,-0.001,12],"to":[13,-0.001,13],"light_emission":15,"rotation":{"angle":0,"axis":"y","origin":[8,8,8]},"faces":{"down":{"uv":[13,4,12,3],"texture":"#glow","cullface":"down"}}},{"from":[12,-0.001,13],"to":[14,-0.001,14],"light_emission":15,"rotation":{"angle":0,"axis":"y","origin":[8,8,8]},"faces":{"down":{"uv":[14,3,12,2],"texture":"#glow","cullface":"down"}}},{"from":[10,-0.001,9],"to":[12,-0.001,11],"light_emission":15,"rotation":{"angle":0,"axis":"y","origin":[8,8,8]},"faces":{"down":{"uv":[12,7,10,5],"texture":"#glow","cullface":"down"}}},{"from":[8,-0.001,5],"to":[11,-0.001,6],"light_emission":15,"rotation":{"angle":0,"axis":"y","origin":[8,8,8]},"faces":{"down":{"uv":[8,10,10,11],"texture":"#glow","cullface":"down"}}},{"from":[7,-0.001,6],"to":[12,-0.001,7],"light_emission":15,"rotation":{"angle":0,"axis":"y","origin":[8,8,8]},"faces":{"down":{"uv":[7,9,12,10],"texture":"#glow","cullface":"down"}}},{"from":[8,-0.001,7],"to":[10,-0.001,8],"light_emission":15,"rotation":{"angle":0,"axis":"y","origin":[8,8,8]},"faces":{"down":{"uv":[8,8,10,9],"texture":"#glow","cullface":"down"}}},{"from":[1,-0.001,6],"to":[3,-0.001,8],"light_emission":15,"rotation":{"angle":0,"axis":"y","origin":[8,8,8]},"faces":{"down":{"uv":[1,8,3,10],"texture":"#glow","cullface":"down"}}},{"from":[2,-0.001,2],"to":[5,-0.001,3],"light_emission":15,"rotation":{"angle":0,"axis":"y","origin":[8,8,8]},"faces":{"down":{"uv":[2,13,5,14],"texture":"#glow","cullface":"down"}}}],"display":{"thirdperson_righthand":{"rotation":[75,45,0],"translation":[0,2.5,0],"scale":[0.375,0.375,0.375]},"thirdperson_lefthand":{"rotation":[75,45,0],"translation":[0,2.5,0],"scale":[0.375,0.375,0.375]},"firstperson_righthand":{"rotation":[0,45,0],"scale":[0.4,0.4,0.4]},"firstperson_lefthand":{"rotation":[0,225,0],"scale":[0.4,0.4,0.4]},"ground":{"translation":[0,3,0],"scale":[0.25,0.25,0.25]},"gui":{"rotation":[30,225,0],"scale":[0.625,0.625,0.625]},"fixed":{"scale":[0.5,0.5,0.5]}},"groups":[0,{"name":"glow1","origin":[8,8,8],"color":0,"children":[1,2,3,4,5,6,7,8,9,10,11,12,13,14,15,16,17,18,19,20,21,22,{"name":"glow2","origin":[8,8,8],"color":0,"children":[23,24,25,26,27,28,29,30,31,32,33,34,35,36,37,38,39,40,41,42,43,44,{"name":"glow3","origin":[8,8,8],"color":0,"children":[45,46,47,48,49,50,51,52,53,54,55,56,57,58,59,60,61,62,63,64,65,66,{"name":"glow4","origin":[8,8,8],"color":0,"children":[67,68,69,70,71,72,73,74,75,76,77,78,79,80,81,82,83,84,85,86,87,88,{"name":"glow5","origin":[8,8,8],"color":0,"children":[89,90,91,92,93,94,95,96,97,98,99,100,101,102,103,104,105,106,107,108,109,110,{"name":"glow6","origin":[8,8,8],"color":0,"children":[111,112,113,114,115,116,117,118,119,120,121,122,123,124,125,126,127,128,129,130,131,132]}]}]}]}]}]}]}