{"credit":"Made by sniffercraft34","textures":{"glow":"block/redstone_ore_glow","particle":"#ore","ore":"#ore"},"elements":[{"from":[0,0,0],"to":[16,16,16],"faces":{"north":{"uv":[0,0,16,16],"texture":"#ore","cullface":"north"},"east":{"uv":[0,0,16,16],"texture":"#ore","cullface":"east"},"south":{"uv":[0,0,16,16],"texture":"#ore","cullface":"south"},"west":{"uv":[0,0,16,16],"texture":"#ore","cullface":"west"},"up":{"uv":[0,0,16,16],"texture":"#ore","cullface":"up"},"down":{"uv":[0,0,16,16],"texture":"#ore","cullface":"down"}}},{"from":[-0.001,3,3],"to":[-0.001,4,8],"light_emission":15,"rotation":{"angle":0,"axis":"y","origin":[0,3,5]},"faces":{"west":{"uv":[3,12,8,13],"texture":"#glow","cullface":"west"}}},{"from":[-0.001,1,5],"to":[-0.001,2,6],"light_emission":15,"rotation":{"angle":0,"axis":"y","origin":[0,1,5]},"faces":{"west":{"uv":[5,14,6,15],"texture":"#glow","cullface":"west"}}},{"from":[-0.001,2,6],"to":[-0.001,3,7],"light_emission":15,"rotation":{"angle":0,"axis":"y","origin":[0,2,6]},"faces":{"west":{"uv":[5,14,6,15],"texture":"#glow","cullface":"west"}}},{"from":[-0.001,2,4],"to":[-0.001,3,6],"light_emission":15,"rotation":{"angle":0,"axis":"y","origin":[0,2,5]},"faces":{"west":{"uv":[4,13,6,14],"texture":"#glow","cullface":"west"}}},{"from":[-0.001,3,11],"to":[-0.001,4,13],"light_emission":15,"rotation":{"angle":0,"axis":"y","origin":[0,3,12]},"faces":{"west":{"uv":[11,12,13,13],"texture":"#glow","cullface":"west"}}},{"from":[-0.001,5,11],"to":[-0.001,6,14],"light_emission":15,"rotation":{"angle":0,"axis":"y","origin":[0,5,12]},"faces":{"west":{"uv":[11,10,14,11],"texture":"#glow","cullface":"west"}}},{"from":[-0.001,6,10],"to":[-0.001,7,15],"light_emission":15,"rotation":{"angle":0,"axis":"y","origin":[0,6,12]},"faces":{"west":{"uv":[10,9,15,10],"texture":"#glow","cullface":"west"}}},{"from":[-0.001,7,9],"to":[-0.001,8,15],"light_emission":15,"rotation":{"angle":0,"axis":"y","origin":[0,7,11]},"faces":{"west":{"uv":[9,8,15,9],"texture":"#glow","cullface":"west"}}},{"from":[-0.001,7,1],"to":[-0.001,8,4],"light_emission":15,"rotation":{"angle":0,"axis":"y","origin":[0,7,3]},"faces":{"west":{"uv":[1,8,4,9],"texture":"#glow","cullface":"west"}}},{"from":[-0.001,6,1],"to":[-0.001,7,3],"light_emission":15,"rotation":{"angle":0,"axis":"y","origin":[0,6,3]},"faces":{"west":{"uv":[1,9,3,10],"texture":"#glow","cullface":"west"}}},{"from":[-0.001,12,5],"to":[-0.001,13,8],"light_emission":15,"rotation":{"angle":0,"axis":"y","origin":[0,12,7]},"faces":{"west":{"uv":[5,3,8,4],"texture":"#glow","cullface":"west"}}},{"from":[-0.001,11,3],"to":[-0.001,12,10],"light_emission":15,"rotation":{"angle":0,"axis":"y","origin":[0,11,7]},"faces":{"west":{"uv":[3,4,10,5],"texture":"#glow","cullface":"west"}}},{"from":[-0.001,10,4],"to":[-0.001,11,9],"light_emission":15,"rotation":{"angle":0,"axis":"y","origin":[0,10,7]},"faces":{"west":{"uv":[4,5,9,6],"texture":"#glow","cullface":"west"}}},{"from":[-0.001,9,5],"to":[-0.001,10,8],"light_emission":15,"rotation":{"angle":0,"axis":"y","origin":[0,9,7]},"faces":{"west":{"uv":[5,6,8,7],"texture":"#glow","cullface":"west"}}},{"from":[-0.001,10,12],"to":[-0.001,11,14],"light_emission":15,"rotation":{"angle":0,"axis":"y","origin":[0,10,13]},"faces":{"west":{"uv":[12,5,14,6],"texture":"#glow","cullface":"west"}}},{"from":[5,-0.001,1],"to":[6,-0.001,2],"light_emission":15,"rotation":{"angle":0,"axis":"y","origin":[8,8,8]},"faces":{"down":{"uv":[5,14,6,15],"texture":"#glow","cullface":"down"}}},{"from":[6,-0.001,2],"to":[7,-0.001,3],"light_emission":15,"rotation":{"angle":0,"axis":"y","origin":[8,8,8]},"faces":{"down":{"uv":[5,14,6,15],"texture":"#glow","cullface":"down"}}},{"from":[4,-0.001,2],"to":[6,-0.001,3],"light_emission":15,"rotation":{"angle":0,"axis":"y","origin":[8,8,8]},"faces":{"down":{"uv":[4,13,6,14],"texture":"#glow","cullface":"down"}}},{"from":[11,-0.001,3],"to":[13,-0.001,4],"light_emission":15,"rotation":{"angle":0,"axis":"y","origin":[8,8,8]},"faces":{"down":{"uv":[11,12,13,13],"texture":"#glow","cullface":"down"}}},{"from":[11,-0.001,5],"to":[14,-0.001,6],"light_emission":15,"rotation":{"angle":0,"axis":"y","origin":[8,8,8]},"faces":{"down":{"uv":[11,10,14,11],"texture":"#glow","cullface":"down"}}},{"from":[10,-0.001,6],"to":[15,-0.001,7],"light_emission":15,"rotation":{"angle":0,"axis":"y","origin":[8,8,8]},"faces":{"down":{"uv":[10,9,15,10],"texture":"#glow","cullface":"down"}}},{"from":[9,-0.001,7],"to":[15,-0.001,8],"light_emission":15,"rotation":{"angle":0,"axis":"y","origin":[8,8,8]},"faces":{"down":{"uv":[9,8,15,9],"texture":"#glow","cullface":"down"}}},{"from":[1,-0.001,7],"to":[4,-0.001,8],"light_emission":15,"rotation":{"angle":0,"axis":"y","origin":[8,8,8]},"faces":{"down":{"uv":[1,8,4,9],"texture":"#glow","cullface":"down"}}},{"from":[1,-0.001,6],"to":[3,-0.001,7],"light_emission":15,"rotation":{"angle":0,"axis":"y","origin":[8,8,8]},"faces":{"down":{"uv":[1,9,3,10],"texture":"#glow","cullface":"down"}}},{"from":[5,-0.001,12],"to":[8,-0.001,13],"light_emission":15,"rotation":{"angle":0,"axis":"y","origin":[8,8,8]},"faces":{"down":{"uv":[5,3,8,4],"texture":"#glow","cullface":"down"}}},{"from":[3,-0.001,11],"to":[10,-0.001,12],"light_emission":15,"rotation":{"angle":0,"axis":"y","origin":[8,8,8]},"faces":{"down":{"uv":[3,4,10,5],"texture":"#glow","cullface":"down"}}},{"from":[4,-0.001,10],"to":[9,-0.001,11],"light_emission":15,"rotation":{"angle":0,"axis":"y","origin":[8,8,8]},"faces":{"down":{"uv":[4,5,9,6],"texture":"#glow","cullface":"down"}}},{"from":[5,-0.001,9],"to":[8,-0.001,10],"light_emission":15,"rotation":{"angle":0,"axis":"y","origin":[8,8,8]},"faces":{"down":{"uv":[5,6,8,7],"texture":"#glow","cullface":"down"}}},{"from":[12,-0.001,10],"to":[14,-0.001,11],"light_emission":15,"rotation":{"angle":0,"axis":"y","origin":[8,8,8]},"faces":{"down":{"uv":[12,5,14,6],"texture":"#glow","cullface":"down"}}},{"from":[3,-0.001,3],"to":[8,-0.001,4],"light_emission":15,"rotation":{"angle":0,"axis":"y","origin":[8,8,8]},"faces":{"down":{"uv":[3,12,8,13],"texture":"#glow","cullface":"down"}}},{"from":[5,1,16.001],"to":[6,2,16.001],"light_emission":15,"rotation":{"angle":0,"axis":"y","origin":[8,8,8]},"faces":{"south":{"uv":[5,14,6,15],"texture":"#glow","cullface":"south"}}},{"from":[6,2,16.001],"to":[7,3,16.001],"light_emission":15,"rotation":{"angle":0,"axis":"y","origin":[8,8,8]},"faces":{"south":{"uv":[5,14,6,15],"texture":"#glow","cullface":"south"}}},{"from":[4,2,16.001],"to":[6,3,16.001],"light_emission":15,"rotation":{"angle":0,"axis":"y","origin":[8,8,8]},"faces":{"south":{"uv":[4,13,6,14],"texture":"#glow","cullface":"south"}}},{"from":[11,3,16.001],"to":[13,4,16.001],"light_emission":15,"rotation":{"angle":0,"axis":"y","origin":[8,8,8]},"faces":{"south":{"uv":[11,12,13,13],"texture":"#glow","cullface":"south"}}},{"from":[11,5,16.001],"to":[14,6,16.001],"light_emission":15,"rotation":{"angle":0,"axis":"y","origin":[8,8,8]},"faces":{"south":{"uv":[11,10,14,11],"texture":"#glow","cullface":"south"}}},{"from":[10,6,16.001],"to":[15,7,16.001],"light_emission":15,"rotation":{"angle":0,"axis":"y","origin":[8,8,8]},"faces":{"south":{"uv":[10,9,15,10],"texture":"#glow","cullface":"south"}}},{"from":[9,7,16.001],"to":[15,8,16.001],"light_emission":15,"rotation":{"angle":0,"axis":"y","origin":[8,8,8]},"faces":{"south":{"uv":[9,8,15,9],"texture":"#glow","cullface":"south"}}},{"from":[1,7,16.001],"to":[4,8,16.001],"light_emission":15,"rotation":{"angle":0,"axis":"y","origin":[8,8,8]},"faces":{"south":{"uv":[1,8,4,9],"texture":"#glow","cullface":"south"}}},{"from":[1,6,16.001],"to":[3,7,16.001],"light_emission":15,"rotation":{"angle":0,"axis":"y","origin":[8,8,8]},"faces":{"south":{"uv":[1,9,3,10],"texture":"#glow","cullface":"south"}}},{"from":[5,12,16.001],"to":[8,13,16.001],"light_emission":15,"rotation":{"angle":0,"axis":"y","origin":[8,8,8]},"faces":{"south":{"uv":[5,3,8,4],"texture":"#glow","cullface":"south"}}},{"from":[3,11,16.001],"to":[10,12,16.001],"light_emission":15,"rotation":{"angle":0,"axis":"y","origin":[8,8,8]},"faces":{"south":{"uv":[3,4,10,5],"texture":"#glow","cullface":"south"}}},{"from":[4,10,16.001],"to":[9,11,16.001],"light_emission":15,"rotation":{"angle":0,"axis":"y","origin":[8,8,8]},"faces":{"south":{"uv":[4,5,9,6],"texture":"#glow","cullface":"south"}}},{"from":[5,9,16.001],"to":[8,10,16.001],"light_emission":15,"rotation":{"angle":0,"axis":"y","origin":[8,8,8]},"faces":{"south":{"uv":[5,6,8,7],"texture":"#glow","cullface":"south"}}},{"from":[12,10,16.001],"to":[14,11,16.001],"light_emission":15,"rotation":{"angle":0,"axis":"y","origin":[8,8,8]},"faces":{"south":{"uv":[12,5,14,6],"texture":"#glow","cullface":"south"}}},{"from":[3,3,16.001],"to":[8,4,16.001],"light_emission":15,"rotation":{"angle":0,"axis":"y","origin":[8,8,8]},"faces":{"south":{"uv":[3,12,8,13],"texture":"#glow","cullface":"south"}}},{"from":[16.001,1,10],"to":[16.001,2,11],"light_emission":15,"rotation":{"angle":0,"axis":"y","origin":[8,8,8]},"faces":{"east":{"uv":[5,14,6,15],"texture":"#glow","cullface":"east"}}},{"from":[16.001,2,9],"to":[16.001,3,10],"light_emission":15,"rotation":{"angle":0,"axis":"y","origin":[8,8,8]},"faces":{"east":{"uv":[5,14,6,15],"texture":"#glow","cullface":"east"}}},{"from":[16.001,2,10],"to":[16.001,3,12],"light_emission":15,"rotation":{"angle":0,"axis":"y","origin":[8,8,8]},"faces":{"east":{"uv":[4,13,6,14],"texture":"#glow","cullface":"east"}}},{"from":[16.001,3,3],"to":[16.001,4,5],"light_emission":15,"rotation":{"angle":0,"axis":"y","origin":[8,8,8]},"faces":{"east":{"uv":[11,12,13,13],"texture":"#glow","cullface":"east"}}},{"from":[16.001,5,2],"to":[16.001,6,5],"light_emission":15,"rotation":{"angle":0,"axis":"y","origin":[8,8,8]},"faces":{"east":{"uv":[11,10,14,11],"texture":"#glow","cullface":"east"}}},{"from":[16.001,6,1],"to":[16.001,7,6],"light_emission":15,"rotation":{"angle":0,"axis":"y","origin":[8,8,8]},"faces":{"east":{"uv":[10,9,15,10],"texture":"#glow","cullface":"east"}}},{"from":[16.001,7,1],"to":[16.001,8,7],"light_emission":15,"rotation":{"angle":0,"axis":"y","origin":[8,8,8]},"faces":{"east":{"uv":[9,8,15,9],"texture":"#glow","cullface":"east"}}},{"from":[16.001,7,12],"to":[16.001,8,15],"light_emission":15,"rotation":{"angle":0,"axis":"y","origin":[8,8,8]},"faces":{"east":{"uv":[1,8,4,9],"texture":"#glow","cullface":"east"}}},{"from":[16.001,6,13],"to":[16.001,7,15],"light_emission":15,"rotation":{"angle":0,"axis":"y","origin":[8,8,8]},"faces":{"east":{"uv":[1,9,3,10],"texture":"#glow","cullface":"east"}}},{"from":[16.001,12,8],"to":[16.001,13,11],"light_emission":15,"rotation":{"angle":0,"axis":"y","origin":[8,8,8]},"faces":{"east":{"uv":[5,3,8,4],"texture":"#glow","cullface":"east"}}},{"from":[16.001,11,6],"to":[16.001,12,13],"light_emission":15,"rotation":{"angle":0,"axis":"y","origin":[8,8,8]},"faces":{"east":{"uv":[3,4,10,5],"texture":"#glow","cullface":"east"}}},{"from":[16.001,10,7],"to":[16.001,11,12],"light_emission":15,"rotation":{"angle":0,"axis":"y","origin":[8,8,8]},"faces":{"east":{"uv":[4,5,9,6],"texture":"#glow","cullface":"east"}}},{"from":[16.001,9,8],"to":[16.001,10,11],"light_emission":15,"rotation":{"angle":0,"axis":"y","origin":[8,8,8]},"faces":{"east":{"uv":[5,6,8,7],"texture":"#glow","cullface":"east"}}},{"from":[16.001,10,2],"to":[16.001,11,4],"light_emission":15,"rotation":{"angle":0,"axis":"y","origin":[8,8,8]},"faces":{"east":{"uv":[12,5,14,6],"texture":"#glow","cullface":"east"}}},{"from":[16.001,3,8],"to":[16.001,4,13],"light_emission":15,"rotation":{"angle":0,"axis":"y","origin":[8,8,8]},"faces":{"east":{"uv":[3,12,8,13],"texture":"#glow","cullface":"east"}}},{"from":[5,16.001,14],"to":[6,16.001,15],"light_emission":15,"rotation":{"angle":0,"axis":"y","origin":[8,8,8]},"faces":{"up":{"uv":[5,14,6,15],"texture":"#glow","cullface":"up"}}},{"from":[6,16.001,13],"to":[7,16.001,14],"light_emission":15,"rotation":{"angle":0,"axis":"y","origin":[8,8,8]},"faces":{"up":{"uv":[5,14,6,15],"texture":"#glow","cullface":"up"}}},{"from":[4,16.001,13],"to":[6,16.001,14],"light_emission":15,"rotation":{"angle":0,"axis":"y","origin":[8,8,8]},"faces":{"up":{"uv":[4,13,6,14],"texture":"#glow","cullface":"up"}}},{"from":[11,16.001,12],"to":[13,16.001,13],"light_emission":15,"rotation":{"angle":0,"axis":"y","origin":[8,8,8]},"faces":{"up":{"uv":[11,12,13,13],"texture":"#glow","cullface":"up"}}},{"from":[11,16.001,10],"to":[14,16.001,11],"light_emission":15,"rotation":{"angle":0,"axis":"y","origin":[8,8,8]},"faces":{"up":{"uv":[11,10,14,11],"texture":"#glow","cullface":"up"}}},{"from":[10,16.001,9],"to":[15,16.001,10],"light_emission":15,"rotation":{"angle":0,"axis":"y","origin":[8,8,8]},"faces":{"up":{"uv":[10,9,15,10],"texture":"#glow","cullface":"up"}}},{"from":[9,16.001,8],"to":[15,16.001,9],"light_emission":15,"rotation":{"angle":0,"axis":"y","origin":[8,8,8]},"faces":{"up":{"uv":[9,8,15,9],"texture":"#glow","cullface":"up"}}},{"from":[1,16.001,8],"to":[4,16.001,9],"light_emission":15,"rotation":{"angle":0,"axis":"y","origin":[8,8,8]},"faces":{"up":{"uv":[1,8,4,9],"texture":"#glow","cullface":"up"}}},{"from":[1,16.001,9],"to":[3,16.001,10],"light_emission":15,"rotation":{"angle":0,"axis":"y","origin":[8,8,8]},"faces":{"up":{"uv":[1,9,3,10],"texture":"#glow","cullface":"up"}}},{"from":[5,16.001,3],"to":[8,16.001,4],"light_emission":15,"rotation":{"angle":0,"axis":"y","origin":[8,8,8]},"faces":{"up":{"uv":[5,3,8,4],"texture":"#glow","cullface":"up"}}},{"from":[3,16.001,4],"to":[10,16.001,5],"light_emission":15,"rotation":{"angle":0,"axis":"y","origin":[8,8,8]},"faces":{"up":{"uv":[3,4,10,5],"texture":"#glow","cullface":"up"}}},{"from":[4,16.001,5],"to":[9,16.001,6],"light_emission":15,"rotation":{"angle":0,"axis":"y","origin":[8,8,8]},"faces":{"up":{"uv":[4,5,9,6],"texture":"#glow","cullface":"up"}}},{"from":[5,16.001,6],"to":[8,16.001,7],"light_emission":15,"rotation":{"angle":0,"axis":"y","origin":[8,8,8]},"faces":{"up":{"uv":[5,6,8,7],"texture":"#glow","cullface":"up"}}},{"from":[12,16.001,5],"to":[14,16.001,6],"light_emission":15,"rotation":{"angle":0,"axis":"y","origin":[8,8,8]},"faces":{"up":{"uv":[12,5,14,6],"texture":"#glow","cullface":"up"}}},{"from":[3,16.001,12],"to":[8,16.001,13],"light_emission":15,"rotation":{"angle":0,"axis":"y","origin":[8,8,8]},"faces":{"up":{"uv":[3,12,8,13],"texture":"#glow","cullface":"up"}}},{"from":[10,1,-0.001],"to":[11,2,-0.001],"light_emission":15,"rotation":{"angle":0,"axis":"z","origin":[8,8,8]},"faces":{"north":{"uv":[5,14,6,15],"texture":"#glow","cullface":"north"}}},{"from":[9,2,-0.001],"to":[10,3,-0.001],"light_emission":15,"rotation":{"angle":0,"axis":"z","origin":[8,8,8]},"faces":{"north":{"uv":[5,14,6,15],"texture":"#glow","cullface":"north"}}},{"from":[10,2,-0.001],"to":[12,3,-0.001],"light_emission":15,"rotation":{"angle":0,"axis":"z","origin":[8,8,8]},"faces":{"north":{"uv":[4,13,6,14],"texture":"#glow","cullface":"north"}}},{"from":[3,3,-0.001],"to":[5,4,-0.001],"light_emission":15,"rotation":{"angle":0,"axis":"z","origin":[8,8,8]},"faces":{"north":{"uv":[11,12,13,13],"texture":"#glow","cullface":"north"}}},{"from":[2,5,-0.001],"to":[5,6,-0.001],"light_emission":15,"rotation":{"angle":0,"axis":"z","origin":[8,8,8]},"faces":{"north":{"uv":[11,10,14,11],"texture":"#glow","cullface":"north"}}},{"from":[1,6,-0.001],"to":[6,7,-0.001],"light_emission":15,"rotation":{"angle":0,"axis":"z","origin":[8,8,8]},"faces":{"north":{"uv":[10,9,15,10],"texture":"#glow","cullface":"north"}}},{"from":[1,7,-0.001],"to":[7,8,-0.001],"light_emission":15,"rotation":{"angle":0,"axis":"z","origin":[8,8,8]},"faces":{"north":{"uv":[9,8,15,9],"texture":"#glow","cullface":"north"}}},{"from":[12,7,-0.001],"to":[15,8,-0.001],"light_emission":15,"rotation":{"angle":0,"axis":"z","origin":[8,8,8]},"faces":{"north":{"uv":[1,8,4,9],"texture":"#glow","cullface":"north"}}},{"from":[13,6,-0.001],"to":[15,7,-0.001],"light_emission":15,"rotation":{"angle":0,"axis":"z","origin":[8,8,8]},"faces":{"north":{"uv":[1,9,3,10],"texture":"#glow","cullface":"north"}}},{"from":[8,12,-0.001],"to":[11,13,-0.001],"light_emission":15,"rotation":{"angle":0,"axis":"z","origin":[8,8,8]},"faces":{"north":{"uv":[5,3,8,4],"texture":"#glow","cullface":"north"}}},{"from":[6,11,-0.001],"to":[13,12,-0.001],"light_emission":15,"rotation":{"angle":0,"axis":"z","origin":[8,8,8]},"faces":{"north":{"uv":[3,4,10,5],"texture":"#glow","cullface":"north"}}},{"from":[7,10,-0.001],"to":[12,11,-0.001],"light_emission":15,"rotation":{"angle":0,"axis":"z","origin":[8,8,8]},"faces":{"north":{"uv":[4,5,9,6],"texture":"#glow","cullface":"north"}}},{"from":[8,9,-0.001],"to":[11,10,-0.001],"light_emission":15,"rotation":{"angle":0,"axis":"z","origin":[8,8,8]},"faces":{"north":{"uv":[5,6,8,7],"texture":"#glow","cullface":"north"}}},{"from":[2,10,-0.001],"to":[4,11,-0.001],"light_emission":15,"rotation":{"angle":0,"axis":"z","origin":[8,8,8]},"faces":{"north":{"uv":[12,5,14,6],"texture":"#glow","cullface":"north"}}},{"from":[8,3,-0.001],"to":[13,4,-0.001],"light_emission":15,"rotation":{"angle":0,"axis":"z","origin":[8,8,8]},"faces":{"north":{"uv":[3,12,8,13],"texture":"#glow","cullface":"north"}}}],"display":{"thirdperson_righthand":{"rotation":[75,45,0],"translation":[0,2.5,0],"scale":[0.375,0.375,0.375]},"thirdperson_lefthand":{"rotation":[75,45,0],"translation":[0,2.5,0],"scale":[0.375,0.375,0.375]},"firstperson_righthand":{"rotation":[0,45,0],"scale":[0.4,0.4,0.4]},"firstperson_lefthand":{"rotation":[0,225,0],"scale":[0.4,0.4,0.4]},"ground":{"translation":[0,3,0],"scale":[0.25,0.25,0.25]},"gui":{"rotation":[30,225,0],"scale":[0.625,0.625,0.625]},"fixed":{"scale":[0.5,0.5,0.5]}},"groups":[0,{"name":"glow1","origin":[0,1,5],"color":0,"children":[1,{"name":"glow2","origin":[0,1,5],"color":0,"children":[2,3,4,5,6,7,8,9,10,11,12,13,14,15,{"name":"glow3","origin":[0,1,5],"color":0,"children":[16,17,18,19,20,21,22,23,24,25,26,27,28,29,30,{"name":"glow4","origin":[0,1,5],"color":0,"children":[31,32,33,34,35,36,37,38,39,40,41,42,43,44,45,{"name":"glow5","origin":[0,1,5],"color":0,"children":[46,47,48,49,50,51,52,53,54,55,56,57,58,59,60,{"name":"glow6","origin":[0,1,5],"color":0,"children":[61,62,63,64,65,66,67,68,69,70,71,72,73,74,75,{"name":"glow6","origin":[0,1,5],"color":0,"children":[76,77,78,79,80,81,82,83,84,85,86,87,88,89,90]}]}]}]}]}]}]}]}