{"credit":"Made by sniffercraft34","textures":{"particle":"#ore","ore":"#ore","glow":"block/iron_ore_glow"},"elements":[{"from":[0,0,0],"to":[16,16,16],"rotation":{"angle":0,"axis":"y","origin":[8,8,8]},"faces":{"north":{"uv":[0,0,16,16],"texture":"#ore","cullface":"north"},"east":{"uv":[0,0,16,16],"texture":"#ore","cullface":"east"},"south":{"uv":[0,0,16,16],"texture":"#ore","cullface":"south"},"west":{"uv":[0,0,16,16],"texture":"#ore","cullface":"west"},"up":{"uv":[0,0,16,16],"texture":"#ore","cullface":"up"},"down":{"uv":[0,0,16,16],"texture":"#ore","cullface":"down"}}},{"from":[12,1,-0.001],"to":[14,2,-0.001],"light_emission":15,"rotation":{"angle":0,"axis":"y","origin":[8,8,8]},"faces":{"north":{"uv":[2,14,4,15],"texture":"#glow","cullface":"north"}}},{"from":[3,4,-0.001],"to":[5,5,-0.001],"light_emission":15,"rotation":{"angle":0,"axis":"y","origin":[8,8,8]},"faces":{"north":{"uv":[11,11,13,12],"texture":"#glow","cullface":"north"}}},{"from":[4,6,-0.001],"to":[6,7,-0.001],"light_emission":15,"rotation":{"angle":0,"axis":"y","origin":[8,8,8]},"faces":{"north":{"uv":[10,9,12,10],"texture":"#glow","cullface":"north"}}},{"from":[3,7,-0.001],"to":[7,8,-0.001],"light_emission":15,"rotation":{"angle":0,"axis":"y","origin":[8,8,8]},"faces":{"north":{"uv":[9,8,13,9],"texture":"#glow","cullface":"north"}}},{"from":[2,14,-0.001],"to":[6,15,-0.001],"light_emission":15,"rotation":{"angle":0,"axis":"y","origin":[8,8,8]},"faces":{"north":{"uv":[10,1,14,2],"texture":"#glow","cullface":"north"}}},{"from":[9,6,-0.001],"to":[14,7,-0.001],"light_emission":15,"rotation":{"angle":0,"axis":"y","origin":[8,8,8]},"faces":{"north":{"uv":[2,9,7,10],"texture":"#glow","cullface":"north"}}},{"from":[4,11,-0.001],"to":[9,12,-0.001],"light_emission":15,"rotation":{"angle":0,"axis":"y","origin":[8,8,8]},"faces":{"north":{"uv":[7,4,12,5],"texture":"#glow","cullface":"north"}}},{"from":[5,10,-0.001],"to":[12,11,-0.001],"light_emission":15,"rotation":{"angle":0,"axis":"y","origin":[8,8,8]},"faces":{"north":{"uv":[4,5,11,6],"texture":"#glow","cullface":"north"}}},{"from":[7,9,-0.001],"to":[10,10,-0.001],"light_emission":15,"rotation":{"angle":0,"axis":"y","origin":[8,8,8]},"faces":{"north":{"uv":[6,6,9,7],"texture":"#glow","cullface":"north"}}},{"from":[12,12,-0.001],"to":[15,13,-0.001],"light_emission":15,"rotation":{"angle":0,"axis":"y","origin":[8,8,8]},"faces":{"north":{"uv":[1,3,4,4],"texture":"#glow","cullface":"north"}}},{"from":[11,13,-0.001],"to":[14,14,-0.001],"light_emission":15,"rotation":{"angle":0,"axis":"y","origin":[8,8,8]},"faces":{"north":{"uv":[2,2,5,3],"texture":"#glow","cullface":"north"}}},{"from":[13,2,-0.001],"to":[15,3,-0.001],"light_emission":15,"rotation":{"angle":0,"axis":"y","origin":[8,8,8]},"faces":{"north":{"uv":[1,13,3,14],"texture":"#glow","cullface":"north"}}},{"from":[10,3,-0.001],"to":[12,4,-0.001],"light_emission":15,"rotation":{"angle":0,"axis":"y","origin":[8,8,8]},"faces":{"north":{"uv":[4,12,6,13],"texture":"#glow","cullface":"north"}}},{"from":[10,5,-0.001],"to":[12,6,-0.001],"light_emission":15,"rotation":{"angle":0,"axis":"y","origin":[8,8,8]},"faces":{"north":{"uv":[4,10,6,11],"texture":"#glow","cullface":"north"}}},{"from":[11,7,-0.001],"to":[13,8,-0.001],"light_emission":15,"rotation":{"angle":0,"axis":"y","origin":[8,8,8]},"faces":{"north":{"uv":[3,8,5,9],"texture":"#glow","cullface":"north"}}},{"from":[1,10,-0.001],"to":[3,11,-0.001],"light_emission":15,"rotation":{"angle":0,"axis":"y","origin":[8,8,8]},"faces":{"north":{"uv":[13,5,15,6],"texture":"#glow","cullface":"north"}}},{"from":[3,13,-0.001],"to":[5,14,-0.001],"light_emission":15,"rotation":{"angle":0,"axis":"y","origin":[8,8,8]},"faces":{"north":{"uv":[11,3,13,2],"texture":"#glow","cullface":"north"}}},{"from":[3,2,-0.001],"to":[7,3,-0.001],"light_emission":15,"rotation":{"angle":0,"axis":"y","origin":[8,8,8]},"faces":{"north":{"uv":[9,13,13,14],"texture":"#glow","cullface":"north"}}},{"from":[1,3,-0.001],"to":[8,4,-0.001],"light_emission":15,"rotation":{"angle":0,"axis":"y","origin":[8,8,8]},"faces":{"north":{"uv":[8,13,15,12],"texture":"#glow","cullface":"north"}}},{"from":[-0.001,1,2],"to":[-0.001,2,4],"light_emission":15,"rotation":{"angle":0,"axis":"y","origin":[8,8,8]},"faces":{"west":{"uv":[2,14,4,15],"texture":"#glow","cullface":"west"}}},{"from":[-0.001,4,11],"to":[-0.001,5,13],"light_emission":15,"rotation":{"angle":0,"axis":"y","origin":[8,8,8]},"faces":{"west":{"uv":[11,11,13,12],"texture":"#glow","cullface":"west"}}},{"from":[-0.001,6,10],"to":[-0.001,7,12],"light_emission":15,"rotation":{"angle":0,"axis":"y","origin":[8,8,8]},"faces":{"west":{"uv":[10,9,12,10],"texture":"#glow","cullface":"west"}}},{"from":[-0.001,7,9],"to":[-0.001,8,13],"light_emission":15,"rotation":{"angle":0,"axis":"y","origin":[8,8,8]},"faces":{"west":{"uv":[9,8,13,9],"texture":"#glow","cullface":"west"}}},{"from":[-0.001,14,10],"to":[-0.001,15,14],"light_emission":15,"rotation":{"angle":0,"axis":"y","origin":[8,8,8]},"faces":{"west":{"uv":[10,1,14,2],"texture":"#glow","cullface":"west"}}},{"from":[-0.001,6,2],"to":[-0.001,7,7],"light_emission":15,"rotation":{"angle":0,"axis":"y","origin":[8,8,8]},"faces":{"west":{"uv":[2,9,7,10],"texture":"#glow","cullface":"west"}}},{"from":[-0.001,11,7],"to":[-0.001,12,12],"light_emission":15,"rotation":{"angle":0,"axis":"y","origin":[8,8,8]},"faces":{"west":{"uv":[7,4,12,5],"texture":"#glow","cullface":"west"}}},{"from":[-0.001,10,4],"to":[-0.001,11,11],"light_emission":15,"rotation":{"angle":0,"axis":"y","origin":[8,8,8]},"faces":{"west":{"uv":[4,5,11,6],"texture":"#glow","cullface":"west"}}},{"from":[-0.001,9,6],"to":[-0.001,10,9],"light_emission":15,"rotation":{"angle":0,"axis":"y","origin":[8,8,8]},"faces":{"west":{"uv":[6,6,9,7],"texture":"#glow","cullface":"west"}}},{"from":[-0.001,12,1],"to":[-0.001,13,4],"light_emission":15,"rotation":{"angle":0,"axis":"y","origin":[8,8,8]},"faces":{"west":{"uv":[1,3,4,4],"texture":"#glow","cullface":"west"}}},{"from":[-0.001,13,2],"to":[-0.001,14,5],"light_emission":15,"rotation":{"angle":0,"axis":"y","origin":[8,8,8]},"faces":{"west":{"uv":[2,2,5,3],"texture":"#glow","cullface":"west"}}},{"from":[-0.001,2,1],"to":[-0.001,3,3],"light_emission":15,"rotation":{"angle":0,"axis":"y","origin":[8,8,8]},"faces":{"west":{"uv":[1,13,3,14],"texture":"#glow","cullface":"west"}}},{"from":[-0.001,3,4],"to":[-0.001,4,6],"light_emission":15,"rotation":{"angle":0,"axis":"y","origin":[8,8,8]},"faces":{"west":{"uv":[4,12,6,13],"texture":"#glow","cullface":"west"}}},{"from":[-0.001,5,4],"to":[-0.001,6,6],"light_emission":15,"rotation":{"angle":0,"axis":"y","origin":[8,8,8]},"faces":{"west":{"uv":[4,10,6,11],"texture":"#glow","cullface":"west"}}},{"from":[-0.001,7,3],"to":[-0.001,8,5],"light_emission":15,"rotation":{"angle":0,"axis":"y","origin":[8,8,8]},"faces":{"west":{"uv":[3,8,5,9],"texture":"#glow","cullface":"west"}}},{"from":[-0.001,10,13],"to":[-0.001,11,15],"light_emission":15,"rotation":{"angle":0,"axis":"y","origin":[8,8,8]},"faces":{"west":{"uv":[13,5,15,6],"texture":"#glow","cullface":"west"}}},{"from":[-0.001,13,11],"to":[-0.001,14,13],"light_emission":15,"rotation":{"angle":0,"axis":"y","origin":[8,8,8]},"faces":{"west":{"uv":[11,3,13,2],"texture":"#glow","cullface":"west"}}},{"from":[-0.001,2,9],"to":[-0.001,3,13],"light_emission":15,"rotation":{"angle":0,"axis":"y","origin":[8,8,8]},"faces":{"west":{"uv":[9,13,13,14],"texture":"#glow","cullface":"west"}}},{"from":[-0.001,3,8],"to":[-0.001,4,15],"light_emission":15,"rotation":{"angle":0,"axis":"y","origin":[8,8,8]},"faces":{"west":{"uv":[8,13,15,12],"texture":"#glow","cullface":"west"}}},{"from":[2,1,16.001],"to":[4,2,16.001],"light_emission":15,"rotation":{"angle":0,"axis":"y","origin":[8,8,8]},"faces":{"south":{"uv":[2,14,4,15],"texture":"#glow","cullface":"south"}}},{"from":[11,4,16.001],"to":[13,5,16.001],"light_emission":15,"rotation":{"angle":0,"axis":"y","origin":[8,8,8]},"faces":{"south":{"uv":[11,11,13,12],"texture":"#glow","cullface":"south"}}},{"from":[10,6,16.001],"to":[12,7,16.001],"light_emission":15,"rotation":{"angle":0,"axis":"y","origin":[8,8,8]},"faces":{"south":{"uv":[10,9,12,10],"texture":"#glow","cullface":"south"}}},{"from":[9,7,16.001],"to":[13,8,16.001],"light_emission":15,"rotation":{"angle":0,"axis":"y","origin":[8,8,8]},"faces":{"south":{"uv":[9,8,13,9],"texture":"#glow","cullface":"south"}}},{"from":[10,14,16.001],"to":[14,15,16.001],"light_emission":15,"rotation":{"angle":0,"axis":"y","origin":[8,8,8]},"faces":{"south":{"uv":[10,1,14,2],"texture":"#glow","cullface":"south"}}},{"from":[2,6,16.001],"to":[7,7,16.001],"light_emission":15,"rotation":{"angle":0,"axis":"y","origin":[8,8,8]},"faces":{"south":{"uv":[2,9,7,10],"texture":"#glow","cullface":"south"}}},{"from":[7,11,16.001],"to":[12,12,16.001],"light_emission":15,"rotation":{"angle":0,"axis":"y","origin":[8,8,8]},"faces":{"south":{"uv":[7,4,12,5],"texture":"#glow","cullface":"south"}}},{"from":[4,10,16.001],"to":[11,11,16.001],"light_emission":15,"rotation":{"angle":0,"axis":"y","origin":[8,8,8]},"faces":{"south":{"uv":[4,5,11,6],"texture":"#glow","cullface":"south"}}},{"from":[6,9,16.001],"to":[9,10,16.001],"light_emission":15,"rotation":{"angle":0,"axis":"y","origin":[8,8,8]},"faces":{"south":{"uv":[6,6,9,7],"texture":"#glow","cullface":"south"}}},{"from":[1,12,16.001],"to":[4,13,16.001],"light_emission":15,"rotation":{"angle":0,"axis":"y","origin":[8,8,8]},"faces":{"south":{"uv":[1,3,4,4],"texture":"#glow","cullface":"south"}}},{"from":[2,13,16.001],"to":[5,14,16.001],"light_emission":15,"rotation":{"angle":0,"axis":"y","origin":[8,8,8]},"faces":{"south":{"uv":[2,2,5,3],"texture":"#glow","cullface":"south"}}},{"from":[1,2,16.001],"to":[3,3,16.001],"light_emission":15,"rotation":{"angle":0,"axis":"y","origin":[8,8,8]},"faces":{"south":{"uv":[1,13,3,14],"texture":"#glow","cullface":"south"}}},{"from":[4,3,16.001],"to":[6,4,16.001],"light_emission":15,"rotation":{"angle":0,"axis":"y","origin":[8,8,8]},"faces":{"south":{"uv":[4,12,6,13],"texture":"#glow","cullface":"south"}}},{"from":[4,5,16.001],"to":[6,6,16.001],"light_emission":15,"rotation":{"angle":0,"axis":"y","origin":[8,8,8]},"faces":{"south":{"uv":[4,10,6,11],"texture":"#glow","cullface":"south"}}},{"from":[3,7,16.001],"to":[5,8,16.001],"light_emission":15,"rotation":{"angle":0,"axis":"y","origin":[8,8,8]},"faces":{"south":{"uv":[3,8,5,9],"texture":"#glow","cullface":"south"}}},{"from":[13,10,16.001],"to":[15,11,16.001],"light_emission":15,"rotation":{"angle":0,"axis":"y","origin":[8,8,8]},"faces":{"south":{"uv":[13,5,15,6],"texture":"#glow","cullface":"south"}}},{"from":[11,13,16.001],"to":[13,14,16.001],"light_emission":15,"rotation":{"angle":0,"axis":"y","origin":[8,8,8]},"faces":{"south":{"uv":[11,3,13,2],"texture":"#glow","cullface":"south"}}},{"from":[9,2,16.001],"to":[13,3,16.001],"light_emission":15,"rotation":{"angle":0,"axis":"y","origin":[8,8,8]},"faces":{"south":{"uv":[9,13,13,14],"texture":"#glow","cullface":"south"}}},{"from":[8,3,16.001],"to":[15,4,16.001],"light_emission":15,"rotation":{"angle":0,"axis":"y","origin":[8,8,8]},"faces":{"south":{"uv":[8,13,15,12],"texture":"#glow","cullface":"south"}}},{"from":[16.001,1,12],"to":[16.001,2,14],"light_emission":15,"rotation":{"angle":0,"axis":"y","origin":[8,8,8]},"faces":{"east":{"uv":[2,14,4,15],"texture":"#glow","cullface":"east"}}},{"from":[16.001,4,3],"to":[16.001,5,5],"light_emission":15,"rotation":{"angle":0,"axis":"y","origin":[8,8,8]},"faces":{"east":{"uv":[11,11,13,12],"texture":"#glow","cullface":"east"}}},{"from":[16.001,6,4],"to":[16.001,7,6],"light_emission":15,"rotation":{"angle":0,"axis":"y","origin":[8,8,8]},"faces":{"east":{"uv":[10,9,12,10],"texture":"#glow","cullface":"east"}}},{"from":[16.001,7,3],"to":[16.001,8,7],"light_emission":15,"rotation":{"angle":0,"axis":"y","origin":[8,8,8]},"faces":{"east":{"uv":[9,8,13,9],"texture":"#glow","cullface":"east"}}},{"from":[16.001,14,2],"to":[16.001,15,6],"light_emission":15,"rotation":{"angle":0,"axis":"y","origin":[8,8,8]},"faces":{"east":{"uv":[10,1,14,2],"texture":"#glow","cullface":"east"}}},{"from":[16.001,6,9],"to":[16.001,7,14],"light_emission":15,"rotation":{"angle":0,"axis":"y","origin":[8,8,8]},"faces":{"east":{"uv":[2,9,7,10],"texture":"#glow","cullface":"east"}}},{"from":[16.001,11,4],"to":[16.001,12,9],"light_emission":15,"rotation":{"angle":0,"axis":"y","origin":[8,8,8]},"faces":{"east":{"uv":[7,4,12,5],"texture":"#glow","cullface":"east"}}},{"from":[16.001,10,5],"to":[16.001,11,12],"light_emission":15,"rotation":{"angle":0,"axis":"y","origin":[8,8,8]},"faces":{"east":{"uv":[4,5,11,6],"texture":"#glow","cullface":"east"}}},{"from":[16.001,9,7],"to":[16.001,10,10],"light_emission":15,"rotation":{"angle":0,"axis":"y","origin":[8,8,8]},"faces":{"east":{"uv":[6,6,9,7],"texture":"#glow","cullface":"east"}}},{"from":[16.001,12,12],"to":[16.001,13,15],"light_emission":15,"rotation":{"angle":0,"axis":"y","origin":[8,8,8]},"faces":{"east":{"uv":[1,3,4,4],"texture":"#glow","cullface":"east"}}},{"from":[16.001,13,11],"to":[16.001,14,14],"light_emission":15,"rotation":{"angle":0,"axis":"y","origin":[8,8,8]},"faces":{"east":{"uv":[2,2,5,3],"texture":"#glow","cullface":"east"}}},{"from":[16.001,2,13],"to":[16.001,3,15],"light_emission":15,"rotation":{"angle":0,"axis":"y","origin":[8,8,8]},"faces":{"east":{"uv":[1,13,3,14],"texture":"#glow","cullface":"east"}}},{"from":[16.001,3,10],"to":[16.001,4,12],"light_emission":15,"rotation":{"angle":0,"axis":"y","origin":[8,8,8]},"faces":{"east":{"uv":[4,12,6,13],"texture":"#glow","cullface":"east"}}},{"from":[16.001,5,10],"to":[16.001,6,12],"light_emission":15,"rotation":{"angle":0,"axis":"y","origin":[8,8,8]},"faces":{"east":{"uv":[4,10,6,11],"texture":"#glow","cullface":"east"}}},{"from":[16.001,7,11],"to":[16.001,8,13],"light_emission":15,"rotation":{"angle":0,"axis":"y","origin":[8,8,8]},"faces":{"east":{"uv":[3,8,5,9],"texture":"#glow","cullface":"east"}}},{"from":[16.001,10,1],"to":[16.001,11,3],"light_emission":15,"rotation":{"angle":0,"axis":"y","origin":[8,8,8]},"faces":{"east":{"uv":[13,5,15,6],"texture":"#glow","cullface":"east"}}},{"from":[16.001,13,3],"to":[16.001,14,5],"light_emission":15,"rotation":{"angle":0,"axis":"y","origin":[8,8,8]},"faces":{"east":{"uv":[11,3,13,2],"texture":"#glow","cullface":"east"}}},{"from":[16.001,2,3],"to":[16.001,3,7],"light_emission":15,"rotation":{"angle":0,"axis":"y","origin":[8,8,8]},"faces":{"east":{"uv":[9,13,13,14],"texture":"#glow","cullface":"east"}}},{"from":[16.001,3,1],"to":[16.001,4,8],"light_emission":15,"rotation":{"angle":0,"axis":"y","origin":[8,8,8]},"faces":{"east":{"uv":[8,13,15,12],"texture":"#glow","cullface":"east"}}},{"from":[2,-0.001,1],"to":[4,-0.001,2],"light_emission":15,"rotation":{"angle":0,"axis":"y","origin":[8,8,8]},"faces":{"down":{"uv":[2,14,4,15],"texture":"#glow","cullface":"down"}}},{"from":[11,-0.001,4],"to":[13,-0.001,5],"light_emission":15,"rotation":{"angle":0,"axis":"y","origin":[8,8,8]},"faces":{"down":{"uv":[11,11,13,12],"texture":"#glow","cullface":"down"}}},{"from":[10,-0.001,6],"to":[12,-0.001,7],"light_emission":15,"rotation":{"angle":0,"axis":"y","origin":[8,8,8]},"faces":{"down":{"uv":[10,9,12,10],"texture":"#glow","cullface":"down"}}},{"from":[9,-0.001,7],"to":[13,-0.001,8],"light_emission":15,"rotation":{"angle":0,"axis":"y","origin":[8,8,8]},"faces":{"down":{"uv":[9,8,13,9],"texture":"#glow","cullface":"down"}}},{"from":[10,-0.001,14],"to":[14,-0.001,15],"light_emission":15,"rotation":{"angle":0,"axis":"y","origin":[8,8,8]},"faces":{"down":{"uv":[10,1,14,2],"texture":"#glow","cullface":"down"}}},{"from":[2,-0.001,6],"to":[7,-0.001,7],"light_emission":15,"rotation":{"angle":0,"axis":"y","origin":[8,8,8]},"faces":{"down":{"uv":[2,9,7,10],"texture":"#glow","cullface":"down"}}},{"from":[7,-0.001,11],"to":[12,-0.001,12],"light_emission":15,"rotation":{"angle":0,"axis":"y","origin":[8,8,8]},"faces":{"down":{"uv":[7,4,12,5],"texture":"#glow","cullface":"down"}}},{"from":[4,-0.001,10],"to":[11,-0.001,11],"light_emission":15,"rotation":{"angle":0,"axis":"y","origin":[8,8,8]},"faces":{"down":{"uv":[4,5,11,6],"texture":"#glow","cullface":"down"}}},{"from":[6,-0.001,9],"to":[9,-0.001,10],"light_emission":15,"rotation":{"angle":0,"axis":"y","origin":[8,8,8]},"faces":{"down":{"uv":[6,6,9,7],"texture":"#glow","cullface":"down"}}},{"from":[1,-0.001,12],"to":[4,-0.001,13],"light_emission":15,"rotation":{"angle":0,"axis":"y","origin":[8,8,8]},"faces":{"down":{"uv":[1,3,4,4],"texture":"#glow","cullface":"down"}}},{"from":[2,-0.001,13],"to":[5,-0.001,14],"light_emission":15,"rotation":{"angle":0,"axis":"y","origin":[8,8,8]},"faces":{"down":{"uv":[2,2,5,3],"texture":"#glow","cullface":"down"}}},{"from":[1,-0.001,2],"to":[3,-0.001,3],"light_emission":15,"rotation":{"angle":0,"axis":"y","origin":[8,8,8]},"faces":{"down":{"uv":[1,13,3,14],"texture":"#glow","cullface":"down"}}},{"from":[4,-0.001,3],"to":[6,-0.001,4],"light_emission":15,"rotation":{"angle":0,"axis":"y","origin":[8,8,8]},"faces":{"down":{"uv":[4,12,6,13],"texture":"#glow","cullface":"down"}}},{"from":[4,-0.001,5],"to":[6,-0.001,6],"light_emission":15,"rotation":{"angle":0,"axis":"y","origin":[8,8,8]},"faces":{"down":{"uv":[4,10,6,11],"texture":"#glow","cullface":"down"}}},{"from":[3,-0.001,7],"to":[5,-0.001,8],"light_emission":15,"rotation":{"angle":0,"axis":"y","origin":[8,8,8]},"faces":{"down":{"uv":[3,8,5,9],"texture":"#glow","cullface":"down"}}},{"from":[13,-0.001,10],"to":[15,-0.001,11],"light_emission":15,"rotation":{"angle":0,"axis":"y","origin":[8,8,8]},"faces":{"down":{"uv":[13,5,15,6],"texture":"#glow","cullface":"down"}}},{"from":[11,-0.001,13],"to":[13,-0.001,14],"light_emission":15,"rotation":{"angle":0,"axis":"y","origin":[8,8,8]},"faces":{"down":{"uv":[11,3,13,2],"texture":"#glow","cullface":"down"}}},{"from":[9,-0.001,2],"to":[13,-0.001,3],"light_emission":15,"rotation":{"angle":0,"axis":"y","origin":[8,8,8]},"faces":{"down":{"uv":[9,13,13,14],"texture":"#glow","cullface":"down"}}},{"from":[8,-0.001,3],"to":[15,-0.001,4],"light_emission":15,"rotation":{"angle":0,"axis":"y","origin":[8,8,8]},"faces":{"down":{"uv":[8,13,15,12],"texture":"#glow","cullface":"down"}}},{"from":[2,16.001,14],"to":[4,16.001,15],"light_emission":15,"rotation":{"angle":0,"axis":"x","origin":[8,8,8]},"faces":{"up":{"uv":[2,14,4,15],"texture":"#glow","cullface":"up"}}},{"from":[11,16.001,11],"to":[13,16.001,12],"light_emission":15,"rotation":{"angle":0,"axis":"x","origin":[8,8,8]},"faces":{"up":{"uv":[11,11,13,12],"texture":"#glow","cullface":"up"}}},{"from":[10,16.001,9],"to":[12,16.001,10],"light_emission":15,"rotation":{"angle":0,"axis":"x","origin":[8,8,8]},"faces":{"up":{"uv":[10,9,12,10],"texture":"#glow","cullface":"up"}}},{"from":[9,16.001,8],"to":[13,16.001,9],"light_emission":15,"rotation":{"angle":0,"axis":"x","origin":[8,8,8]},"faces":{"up":{"uv":[9,8,13,9],"texture":"#glow","cullface":"up"}}},{"from":[10,16.001,1],"to":[14,16.001,2],"light_emission":15,"rotation":{"angle":0,"axis":"x","origin":[8,8,8]},"faces":{"up":{"uv":[10,1,14,2],"texture":"#glow","cullface":"up"}}},{"from":[2,16.001,9],"to":[7,16.001,10],"light_emission":15,"rotation":{"angle":0,"axis":"x","origin":[8,8,8]},"faces":{"up":{"uv":[2,9,7,10],"texture":"#glow","cullface":"up"}}},{"from":[7,16.001,4],"to":[12,16.001,5],"light_emission":15,"rotation":{"angle":0,"axis":"x","origin":[8,8,8]},"faces":{"up":{"uv":[7,4,12,5],"texture":"#glow","cullface":"up"}}},{"from":[4,16.001,5],"to":[11,16.001,6],"light_emission":15,"rotation":{"angle":0,"axis":"x","origin":[8,8,8]},"faces":{"up":{"uv":[4,5,11,6],"texture":"#glow","cullface":"up"}}},{"from":[6,16.001,6],"to":[9,16.001,7],"light_emission":15,"rotation":{"angle":0,"axis":"x","origin":[8,8,8]},"faces":{"up":{"uv":[6,6,9,7],"texture":"#glow","cullface":"up"}}},{"from":[1,16.001,3],"to":[4,16.001,4],"light_emission":15,"rotation":{"angle":0,"axis":"x","origin":[8,8,8]},"faces":{"up":{"uv":[1,3,4,4],"texture":"#glow","cullface":"up"}}},{"from":[2,16.001,2],"to":[5,16.001,3],"light_emission":15,"rotation":{"angle":0,"axis":"x","origin":[8,8,8]},"faces":{"up":{"uv":[2,2,5,3],"texture":"#glow","cullface":"up"}}},{"from":[1,16.001,13],"to":[3,16.001,14],"light_emission":15,"rotation":{"angle":0,"axis":"x","origin":[8,8,8]},"faces":{"up":{"uv":[1,13,3,14],"texture":"#glow","cullface":"up"}}},{"from":[4,16.001,12],"to":[6,16.001,13],"light_emission":15,"rotation":{"angle":0,"axis":"x","origin":[8,8,8]},"faces":{"up":{"uv":[4,12,6,13],"texture":"#glow","cullface":"up"}}},{"from":[4,16.001,10],"to":[6,16.001,11],"light_emission":15,"rotation":{"angle":0,"axis":"x","origin":[8,8,8]},"faces":{"up":{"uv":[4,10,6,11],"texture":"#glow","cullface":"up"}}},{"from":[3,16.001,8],"to":[5,16.001,9],"light_emission":15,"rotation":{"angle":0,"axis":"x","origin":[8,8,8]},"faces":{"up":{"uv":[3,8,5,9],"texture":"#glow","cullface":"up"}}},{"from":[13,16.001,5],"to":[15,16.001,6],"light_emission":15,"rotation":{"angle":0,"axis":"x","origin":[8,8,8]},"faces":{"up":{"uv":[13,5,15,6],"texture":"#glow","cullface":"up"}}},{"from":[11,16.001,2],"to":[13,16.001,3],"light_emission":15,"rotation":{"angle":0,"axis":"x","origin":[8,8,8]},"faces":{"up":{"uv":[11,3,13,2],"texture":"#glow","cullface":"up"}}},{"from":[9,16.001,13],"to":[13,16.001,14],"light_emission":15,"rotation":{"angle":0,"axis":"x","origin":[8,8,8]},"faces":{"up":{"uv":[9,13,13,14],"texture":"#glow","cullface":"up"}}},{"from":[8,16.001,12],"to":[15,16.001,13],"light_emission":15,"rotation":{"angle":0,"axis":"x","origin":[8,8,8]},"faces":{"up":{"uv":[8,13,15,12],"texture":"#glow","cullface":"up"}}}],"display":{"thirdperson_righthand":{"rotation":[75,45,0],"translation":[0,2.5,0],"scale":[0.375,0.375,0.375]},"thirdperson_lefthand":{"rotation":[75,45,0],"translation":[0,2.5,0],"scale":[0.375,0.375,0.375]},"firstperson_righthand":{"rotation":[0,45,0],"scale":[0.4,0.4,0.4]},"firstperson_lefthand":{"rotation":[0,225,0],"scale":[0.4,0.4,0.4]},"ground":{"translation":[0,3,0],"scale":[0.25,0.25,0.25]},"gui":{"rotation":[30,225,0],"scale":[0.625,0.625,0.625]},"fixed":{"scale":[0.5,0.5,0.5]}},"groups":[0,{"name":"glow1","origin":[8,8,8],"color":0,"children":[1,2,3,4,5,6,7,8,9,10,11,12,13,14,15,16,17,18,19,{"name":"glow2","origin":[8,8,8],"color":0,"children":[20,21,22,23,24,25,26,27,28,29,30,31,32,33,34,35,36,37,38,{"name":"glow3","origin":[8,8,8],"color":0,"children":[39,40,41,42,43,44,45,46,47,48,49,50,51,52,53,54,55,56,57,{"name":"glow4","origin":[8,8,8],"color":0,"children":[58,59,60,61,62,63,64,65,66,67,68,69,70,71,72,73,74,75,76,{"name":"glow5","origin":[8,8,8],"color":0,"children":[77,78,79,80,81,82,83,84,85,86,87,88,89,90,91,92,93,94,95,{"name":"glow6","origin":[8,8,8],"color":0,"children":[96,97,98,99,100,101,102,103,104,105,106,107,108,109,110,111,112,113,114]}]}]}]}]}]}]}