{"credit":"Made by sniffercraft34","textures":{"particle":"#ore","ore":"#ore","glow":"block/coal_ore_glow"},"elements":[{"from":[0,0,0],"to":[16,16,16],"rotation":{"angle":0,"axis":"y","origin":[8,8,8]},"faces":{"north":{"uv":[0,0,16,16],"texture":"#ore","cullface":"north"},"east":{"uv":[0,0,16,16],"texture":"#ore","cullface":"east"},"south":{"uv":[0,0,16,16],"texture":"#ore","cullface":"south"},"west":{"uv":[0,0,16,16],"texture":"#ore","cullface":"west"},"up":{"uv":[0,0,16,16],"texture":"#ore","cullface":"up"},"down":{"uv":[0,0,16,16],"texture":"#ore","cullface":"down"}}},{"from":[13,11,-0.001],"to":[15,12,-0.001],"light_emission":15,"rotation":{"angle":0,"axis":"y","origin":[8,8,8]},"faces":{"north":{"uv":[1,4,3,5],"texture":"#glow","cullface":"north"}}},{"from":[2,13,-0.001],"to":[4,14,-0.001],"light_emission":15,"rotation":{"angle":0,"axis":"y","origin":[8,8,8]},"faces":{"north":{"uv":[12,2,14,3],"texture":"#glow","cullface":"north"}}},{"from":[8,1,-0.001],"to":[10,2,-0.001],"light_emission":15,"rotation":{"angle":0,"axis":"y","origin":[8,8,8]},"faces":{"north":{"uv":[6,14,8,15],"texture":"#glow","cullface":"north"}}},{"from":[5,9,-0.001],"to":[6,10,-0.001],"light_emission":15,"rotation":{"angle":0,"axis":"y","origin":[8,8,8]},"faces":{"north":{"uv":[10,6,11,7],"texture":"#glow","cullface":"north"}}},{"from":[1,5,-0.001],"to":[3,6,-0.001],"light_emission":15,"rotation":{"angle":0,"axis":"y","origin":[8,8,8]},"faces":{"north":{"uv":[13,10,15,11],"texture":"#glow","cullface":"north"}}},{"from":[10,6,-0.001],"to":[12,7,-0.001],"light_emission":15,"rotation":{"angle":0,"axis":"y","origin":[8,8,8]},"faces":{"north":{"uv":[4,9,6,10],"texture":"#glow","cullface":"north"}}},{"from":[11,2,-0.001],"to":[13,3,-0.001],"light_emission":15,"rotation":{"angle":0,"axis":"y","origin":[8,8,8]},"faces":{"north":{"uv":[3,13,5,14],"texture":"#glow","cullface":"north"}}},{"from":[9,3,-0.001],"to":[14,4,-0.001],"light_emission":15,"rotation":{"angle":0,"axis":"y","origin":[8,8,8]},"faces":{"north":{"uv":[2,13,7,12],"texture":"#glow","cullface":"north"}}},{"from":[8,7,-0.001],"to":[13,8,-0.001],"light_emission":15,"rotation":{"angle":0,"axis":"y","origin":[8,8,8]},"faces":{"north":{"uv":[3,9,8,8],"texture":"#glow","cullface":"north"}}},{"from":[5,12,-0.001],"to":[11,13,-0.001],"light_emission":15,"rotation":{"angle":0,"axis":"y","origin":[8,8,8]},"faces":{"north":{"uv":[5,4,11,3],"texture":"#glow","cullface":"north"}}},{"from":[4,2,-0.001],"to":[6,3,-0.001],"light_emission":15,"rotation":{"angle":0,"axis":"y","origin":[8,8,8]},"faces":{"north":{"uv":[10,13,12,14],"texture":"#glow","cullface":"north"}}},{"from":[3,3,-0.001],"to":[6,4,-0.001],"light_emission":15,"rotation":{"angle":0,"axis":"y","origin":[8,8,8]},"faces":{"north":{"uv":[10,12,13,13],"texture":"#glow","cullface":"north"}}},{"from":[9,8,-0.001],"to":[12,9,-0.001],"light_emission":15,"rotation":{"angle":0,"axis":"y","origin":[8,8,8]},"faces":{"north":{"uv":[4,7,7,8],"texture":"#glow","cullface":"north"}}},{"from":[6,11,-0.001],"to":[9,12,-0.001],"light_emission":15,"rotation":{"angle":0,"axis":"y","origin":[8,8,8]},"faces":{"north":{"uv":[7,4,10,5],"texture":"#glow","cullface":"north"}}},{"from":[7,13,-0.001],"to":[10,14,-0.001],"light_emission":15,"rotation":{"angle":0,"axis":"y","origin":[8,8,8]},"faces":{"north":{"uv":[6,2,9,3],"texture":"#glow","cullface":"north"}}},{"from":[3,8,-0.001],"to":[5,10,-0.001],"light_emission":15,"rotation":{"angle":0,"axis":"y","origin":[8,8,8]},"faces":{"north":{"uv":[11,6,13,8],"texture":"#glow","cullface":"north"}}},{"from":[-0.001,11,1],"to":[-0.001,12,3],"light_emission":15,"rotation":{"angle":0,"axis":"y","origin":[8,8,8]},"faces":{"west":{"uv":[1,4,3,5],"texture":"#glow","cullface":"west"}}},{"from":[-0.001,13,12],"to":[-0.001,14,14],"light_emission":15,"rotation":{"angle":0,"axis":"y","origin":[8,8,8]},"faces":{"west":{"uv":[12,2,14,3],"texture":"#glow","cullface":"west"}}},{"from":[-0.001,1,6],"to":[-0.001,2,8],"light_emission":15,"rotation":{"angle":0,"axis":"y","origin":[8,8,8]},"faces":{"west":{"uv":[6,14,8,15],"texture":"#glow","cullface":"west"}}},{"from":[-0.001,9,10],"to":[-0.001,10,11],"light_emission":15,"rotation":{"angle":0,"axis":"y","origin":[8,8,8]},"faces":{"west":{"uv":[10,6,11,7],"texture":"#glow","cullface":"west"}}},{"from":[-0.001,5,13],"to":[-0.001,6,15],"light_emission":15,"rotation":{"angle":0,"axis":"y","origin":[8,8,8]},"faces":{"west":{"uv":[13,10,15,11],"texture":"#glow","cullface":"west"}}},{"from":[-0.001,6,4],"to":[-0.001,7,6],"light_emission":15,"rotation":{"angle":0,"axis":"y","origin":[8,8,8]},"faces":{"west":{"uv":[4,9,6,10],"texture":"#glow","cullface":"west"}}},{"from":[-0.001,2,3],"to":[-0.001,3,5],"light_emission":15,"rotation":{"angle":0,"axis":"y","origin":[8,8,8]},"faces":{"west":{"uv":[3,13,5,14],"texture":"#glow","cullface":"west"}}},{"from":[-0.001,3,2],"to":[-0.001,4,7],"light_emission":15,"rotation":{"angle":0,"axis":"y","origin":[8,8,8]},"faces":{"west":{"uv":[2,13,7,12],"texture":"#glow","cullface":"west"}}},{"from":[-0.001,7,3],"to":[-0.001,8,8],"light_emission":15,"rotation":{"angle":0,"axis":"y","origin":[8,8,8]},"faces":{"west":{"uv":[3,9,8,8],"texture":"#glow","cullface":"west"}}},{"from":[-0.001,12,5],"to":[-0.001,13,11],"light_emission":15,"rotation":{"angle":0,"axis":"y","origin":[8,8,8]},"faces":{"west":{"uv":[5,4,11,3],"texture":"#glow","cullface":"west"}}},{"from":[-0.001,2,10],"to":[-0.001,3,12],"light_emission":15,"rotation":{"angle":0,"axis":"y","origin":[8,8,8]},"faces":{"west":{"uv":[10,13,12,14],"texture":"#glow","cullface":"west"}}},{"from":[-0.001,3,10],"to":[-0.001,4,13],"light_emission":15,"rotation":{"angle":0,"axis":"y","origin":[8,8,8]},"faces":{"west":{"uv":[10,12,13,13],"texture":"#glow","cullface":"west"}}},{"from":[-0.001,8,4],"to":[-0.001,9,7],"light_emission":15,"rotation":{"angle":0,"axis":"y","origin":[8,8,8]},"faces":{"west":{"uv":[4,7,7,8],"texture":"#glow","cullface":"west"}}},{"from":[-0.001,11,7],"to":[-0.001,12,10],"light_emission":15,"rotation":{"angle":0,"axis":"y","origin":[8,8,8]},"faces":{"west":{"uv":[7,4,10,5],"texture":"#glow","cullface":"west"}}},{"from":[-0.001,13,6],"to":[-0.001,14,9],"light_emission":15,"rotation":{"angle":0,"axis":"y","origin":[8,8,8]},"faces":{"west":{"uv":[6,2,9,3],"texture":"#glow","cullface":"west"}}},{"from":[-0.001,8,11],"to":[-0.001,10,13],"light_emission":15,"rotation":{"angle":0,"axis":"y","origin":[8,8,8]},"faces":{"west":{"uv":[11,6,13,8],"texture":"#glow","cullface":"west"}}},{"from":[1,11,16.001],"to":[3,12,16.001],"light_emission":15,"rotation":{"angle":0,"axis":"y","origin":[8,8,8]},"faces":{"south":{"uv":[1,4,3,5],"texture":"#glow","cullface":"south"}}},{"from":[12,13,16.001],"to":[14,14,16.001],"light_emission":15,"rotation":{"angle":0,"axis":"y","origin":[8,8,8]},"faces":{"south":{"uv":[12,2,14,3],"texture":"#glow","cullface":"south"}}},{"from":[6,1,16.001],"to":[8,2,16.001],"light_emission":15,"rotation":{"angle":0,"axis":"y","origin":[8,8,8]},"faces":{"south":{"uv":[6,14,8,15],"texture":"#glow","cullface":"south"}}},{"from":[10,9,16.001],"to":[11,10,16.001],"light_emission":15,"rotation":{"angle":0,"axis":"y","origin":[8,8,8]},"faces":{"south":{"uv":[10,6,11,7],"texture":"#glow","cullface":"south"}}},{"from":[13,5,16.001],"to":[15,6,16.001],"light_emission":15,"rotation":{"angle":0,"axis":"y","origin":[8,8,8]},"faces":{"south":{"uv":[13,10,15,11],"texture":"#glow","cullface":"south"}}},{"from":[4,6,16.001],"to":[6,7,16.001],"light_emission":15,"rotation":{"angle":0,"axis":"y","origin":[8,8,8]},"faces":{"south":{"uv":[4,9,6,10],"texture":"#glow","cullface":"south"}}},{"from":[3,2,16.001],"to":[5,3,16.001],"light_emission":15,"rotation":{"angle":0,"axis":"y","origin":[8,8,8]},"faces":{"south":{"uv":[3,13,5,14],"texture":"#glow","cullface":"south"}}},{"from":[2,3,16.001],"to":[7,4,16.001],"light_emission":15,"rotation":{"angle":0,"axis":"y","origin":[8,8,8]},"faces":{"south":{"uv":[2,13,7,12],"texture":"#glow","cullface":"south"}}},{"from":[3,7,16.001],"to":[8,8,16.001],"light_emission":15,"rotation":{"angle":0,"axis":"y","origin":[8,8,8]},"faces":{"south":{"uv":[3,9,8,8],"texture":"#glow","cullface":"south"}}},{"from":[5,12,16.001],"to":[11,13,16.001],"light_emission":15,"rotation":{"angle":0,"axis":"y","origin":[8,8,8]},"faces":{"south":{"uv":[5,4,11,3],"texture":"#glow","cullface":"south"}}},{"from":[10,2,16.001],"to":[12,3,16.001],"light_emission":15,"rotation":{"angle":0,"axis":"y","origin":[8,8,8]},"faces":{"south":{"uv":[10,13,12,14],"texture":"#glow","cullface":"south"}}},{"from":[10,3,16.001],"to":[13,4,16.001],"light_emission":15,"rotation":{"angle":0,"axis":"y","origin":[8,8,8]},"faces":{"south":{"uv":[10,12,13,13],"texture":"#glow","cullface":"south"}}},{"from":[4,8,16.001],"to":[7,9,16.001],"light_emission":15,"rotation":{"angle":0,"axis":"y","origin":[8,8,8]},"faces":{"south":{"uv":[4,7,7,8],"texture":"#glow","cullface":"south"}}},{"from":[7,11,16.001],"to":[10,12,16.001],"light_emission":15,"rotation":{"angle":0,"axis":"y","origin":[8,8,8]},"faces":{"south":{"uv":[7,4,10,5],"texture":"#glow","cullface":"south"}}},{"from":[6,13,16.001],"to":[9,14,16.001],"light_emission":15,"rotation":{"angle":0,"axis":"y","origin":[8,8,8]},"faces":{"south":{"uv":[6,2,9,3],"texture":"#glow","cullface":"south"}}},{"from":[11,8,16.001],"to":[13,10,16.001],"light_emission":15,"rotation":{"angle":0,"axis":"y","origin":[8,8,8]},"faces":{"south":{"uv":[11,6,13,8],"texture":"#glow","cullface":"south"}}},{"from":[16.001,11,13],"to":[16.001,12,15],"light_emission":15,"rotation":{"angle":0,"axis":"y","origin":[8,8,8]},"faces":{"east":{"uv":[1,4,3,5],"texture":"#glow","cullface":"east"}}},{"from":[16.001,13,2],"to":[16.001,14,4],"light_emission":15,"rotation":{"angle":0,"axis":"y","origin":[8,8,8]},"faces":{"east":{"uv":[12,2,14,3],"texture":"#glow","cullface":"east"}}},{"from":[16.001,1,8],"to":[16.001,2,10],"light_emission":15,"rotation":{"angle":0,"axis":"y","origin":[8,8,8]},"faces":{"east":{"uv":[6,14,8,15],"texture":"#glow","cullface":"east"}}},{"from":[16.001,9,5],"to":[16.001,10,6],"light_emission":15,"rotation":{"angle":0,"axis":"y","origin":[8,8,8]},"faces":{"east":{"uv":[10,6,11,7],"texture":"#glow","cullface":"east"}}},{"from":[16.001,5,1],"to":[16.001,6,3],"light_emission":15,"rotation":{"angle":0,"axis":"y","origin":[8,8,8]},"faces":{"east":{"uv":[13,10,15,11],"texture":"#glow","cullface":"east"}}},{"from":[16.001,6,10],"to":[16.001,7,12],"light_emission":15,"rotation":{"angle":0,"axis":"y","origin":[8,8,8]},"faces":{"east":{"uv":[4,9,6,10],"texture":"#glow","cullface":"east"}}},{"from":[16.001,2,11],"to":[16.001,3,13],"light_emission":15,"rotation":{"angle":0,"axis":"y","origin":[8,8,8]},"faces":{"east":{"uv":[3,13,5,14],"texture":"#glow","cullface":"east"}}},{"from":[16.001,3,9],"to":[16.001,4,14],"light_emission":15,"rotation":{"angle":0,"axis":"y","origin":[8,8,8]},"faces":{"east":{"uv":[2,13,7,12],"texture":"#glow","cullface":"east"}}},{"from":[16.001,7,8],"to":[16.001,8,13],"light_emission":15,"rotation":{"angle":0,"axis":"y","origin":[8,8,8]},"faces":{"east":{"uv":[3,9,8,8],"texture":"#glow","cullface":"east"}}},{"from":[16.001,12,5],"to":[16.001,13,11],"light_emission":15,"rotation":{"angle":0,"axis":"y","origin":[8,8,8]},"faces":{"east":{"uv":[5,4,11,3],"texture":"#glow","cullface":"east"}}},{"from":[16.001,2,4],"to":[16.001,3,6],"light_emission":15,"rotation":{"angle":0,"axis":"y","origin":[8,8,8]},"faces":{"east":{"uv":[10,13,12,14],"texture":"#glow","cullface":"east"}}},{"from":[16.001,3,3],"to":[16.001,4,6],"light_emission":15,"rotation":{"angle":0,"axis":"y","origin":[8,8,8]},"faces":{"east":{"uv":[10,12,13,13],"texture":"#glow","cullface":"east"}}},{"from":[16.001,8,9],"to":[16.001,9,12],"light_emission":15,"rotation":{"angle":0,"axis":"y","origin":[8,8,8]},"faces":{"east":{"uv":[4,7,7,8],"texture":"#glow","cullface":"east"}}},{"from":[16.001,11,6],"to":[16.001,12,9],"light_emission":15,"rotation":{"angle":0,"axis":"y","origin":[8,8,8]},"faces":{"east":{"uv":[7,4,10,5],"texture":"#glow","cullface":"east"}}},{"from":[16.001,13,7],"to":[16.001,14,10],"light_emission":15,"rotation":{"angle":0,"axis":"y","origin":[8,8,8]},"faces":{"east":{"uv":[6,2,9,3],"texture":"#glow","cullface":"east"}}},{"from":[16.001,8,3],"to":[16.001,10,5],"light_emission":15,"rotation":{"angle":0,"axis":"y","origin":[8,8,8]},"faces":{"east":{"uv":[11,6,13,8],"texture":"#glow","cullface":"east"}}},{"from":[1,16.001,4],"to":[3,16.001,5],"light_emission":15,"rotation":{"angle":0,"axis":"y","origin":[8,8,8]},"faces":{"up":{"uv":[1,4,3,5],"texture":"#glow","cullface":"up"}}},{"from":[12,16.001,2],"to":[14,16.001,3],"light_emission":15,"rotation":{"angle":0,"axis":"y","origin":[8,8,8]},"faces":{"up":{"uv":[12,2,14,3],"texture":"#glow","cullface":"up"}}},{"from":[6,16.001,14],"to":[8,16.001,15],"light_emission":15,"rotation":{"angle":0,"axis":"y","origin":[8,8,8]},"faces":{"up":{"uv":[6,14,8,15],"texture":"#glow","cullface":"up"}}},{"from":[10,16.001,6],"to":[11,16.001,7],"light_emission":15,"rotation":{"angle":0,"axis":"y","origin":[8,8,8]},"faces":{"up":{"uv":[10,6,11,7],"texture":"#glow","cullface":"up"}}},{"from":[13,16.001,10],"to":[15,16.001,11],"light_emission":15,"rotation":{"angle":0,"axis":"y","origin":[8,8,8]},"faces":{"up":{"uv":[13,10,15,11],"texture":"#glow","cullface":"up"}}},{"from":[4,16.001,9],"to":[6,16.001,10],"light_emission":15,"rotation":{"angle":0,"axis":"y","origin":[8,8,8]},"faces":{"up":{"uv":[4,9,6,10],"texture":"#glow","cullface":"up"}}},{"from":[3,16.001,13],"to":[5,16.001,14],"light_emission":15,"rotation":{"angle":0,"axis":"y","origin":[8,8,8]},"faces":{"up":{"uv":[3,13,5,14],"texture":"#glow","cullface":"up"}}},{"from":[2,16.001,12],"to":[7,16.001,13],"light_emission":15,"rotation":{"angle":0,"axis":"y","origin":[8,8,8]},"faces":{"up":{"uv":[2,13,7,12],"texture":"#glow","cullface":"up"}}},{"from":[3,16.001,8],"to":[8,16.001,9],"light_emission":15,"rotation":{"angle":0,"axis":"y","origin":[8,8,8]},"faces":{"up":{"uv":[3,9,8,8],"texture":"#glow","cullface":"up"}}},{"from":[5,16.001,3],"to":[11,16.001,4],"light_emission":15,"rotation":{"angle":0,"axis":"y","origin":[8,8,8]},"faces":{"up":{"uv":[5,4,11,3],"texture":"#glow","cullface":"up"}}},{"from":[10,16.001,13],"to":[12,16.001,14],"light_emission":15,"rotation":{"angle":0,"axis":"y","origin":[8,8,8]},"faces":{"up":{"uv":[10,13,12,14],"texture":"#glow","cullface":"up"}}},{"from":[10,16.001,12],"to":[13,16.001,13],"light_emission":15,"rotation":{"angle":0,"axis":"y","origin":[8,8,8]},"faces":{"up":{"uv":[10,12,13,13],"texture":"#glow","cullface":"up"}}},{"from":[4,16.001,7],"to":[7,16.001,8],"light_emission":15,"rotation":{"angle":0,"axis":"y","origin":[8,8,8]},"faces":{"up":{"uv":[4,7,7,8],"texture":"#glow","cullface":"up"}}},{"from":[7,16.001,4],"to":[10,16.001,5],"light_emission":15,"rotation":{"angle":0,"axis":"y","origin":[8,8,8]},"faces":{"up":{"uv":[7,4,10,5],"texture":"#glow","cullface":"up"}}},{"from":[6,16.001,2],"to":[9,16.001,3],"light_emission":15,"rotation":{"angle":0,"axis":"y","origin":[8,8,8]},"faces":{"up":{"uv":[6,2,9,3],"texture":"#glow","cullface":"up"}}},{"from":[11,16.001,6],"to":[13,16.001,8],"light_emission":15,"rotation":{"angle":0,"axis":"y","origin":[8,8,8]},"faces":{"up":{"uv":[11,6,13,8],"texture":"#glow","cullface":"up"}}},{"from":[1,-0.001,11],"to":[3,-0.001,12],"light_emission":15,"rotation":{"angle":0,"axis":"x","origin":[8,8,8]},"faces":{"down":{"uv":[1,4,3,5],"texture":"#glow","cullface":"down"}}},{"from":[12,-0.001,13],"to":[14,-0.001,14],"light_emission":15,"rotation":{"angle":0,"axis":"x","origin":[8,8,8]},"faces":{"down":{"uv":[12,2,14,3],"texture":"#glow","cullface":"down"}}},{"from":[6,-0.001,1],"to":[8,-0.001,2],"light_emission":15,"rotation":{"angle":0,"axis":"x","origin":[8,8,8]},"faces":{"down":{"uv":[6,14,8,15],"texture":"#glow","cullface":"down"}}},{"from":[10,-0.001,9],"to":[11,-0.001,10],"light_emission":15,"rotation":{"angle":0,"axis":"x","origin":[8,8,8]},"faces":{"down":{"uv":[10,6,11,7],"texture":"#glow","cullface":"down"}}},{"from":[13,-0.001,5],"to":[15,-0.001,6],"light_emission":15,"rotation":{"angle":0,"axis":"x","origin":[8,8,8]},"faces":{"down":{"uv":[13,10,15,11],"texture":"#glow","cullface":"down"}}},{"from":[4,-0.001,6],"to":[6,-0.001,7],"light_emission":15,"rotation":{"angle":0,"axis":"x","origin":[8,8,8]},"faces":{"down":{"uv":[4,9,6,10],"texture":"#glow","cullface":"down"}}},{"from":[3,-0.001,2],"to":[5,-0.001,3],"light_emission":15,"rotation":{"angle":0,"axis":"x","origin":[8,8,8]},"faces":{"down":{"uv":[3,13,5,14],"texture":"#glow","cullface":"down"}}},{"from":[2,-0.001,3],"to":[7,-0.001,4],"light_emission":15,"rotation":{"angle":0,"axis":"x","origin":[8,8,8]},"faces":{"down":{"uv":[2,13,7,12],"texture":"#glow","cullface":"down"}}},{"from":[3,-0.001,7],"to":[8,-0.001,8],"light_emission":15,"rotation":{"angle":0,"axis":"x","origin":[8,8,8]},"faces":{"down":{"uv":[3,9,8,8],"texture":"#glow","cullface":"down"}}},{"from":[5,-0.001,12],"to":[11,-0.001,13],"light_emission":15,"rotation":{"angle":0,"axis":"x","origin":[8,8,8]},"faces":{"down":{"uv":[5,4,11,3],"texture":"#glow","cullface":"down"}}},{"from":[10,-0.001,2],"to":[12,-0.001,3],"light_emission":15,"rotation":{"angle":0,"axis":"x","origin":[8,8,8]},"faces":{"down":{"uv":[10,13,12,14],"texture":"#glow","cullface":"down"}}},{"from":[10,-0.001,3],"to":[13,-0.001,4],"light_emission":15,"rotation":{"angle":0,"axis":"x","origin":[8,8,8]},"faces":{"down":{"uv":[10,12,13,13],"texture":"#glow","cullface":"down"}}},{"from":[4,-0.001,8],"to":[7,-0.001,9],"light_emission":15,"rotation":{"angle":0,"axis":"x","origin":[8,8,8]},"faces":{"down":{"uv":[4,7,7,8],"texture":"#glow","cullface":"down"}}},{"from":[7,-0.001,11],"to":[10,-0.001,12],"light_emission":15,"rotation":{"angle":0,"axis":"x","origin":[8,8,8]},"faces":{"down":{"uv":[7,4,10,5],"texture":"#glow","cullface":"down"}}},{"from":[6,-0.001,13],"to":[9,-0.001,14],"light_emission":15,"rotation":{"angle":0,"axis":"x","origin":[8,8,8]},"faces":{"down":{"uv":[6,2,9,3],"texture":"#glow","cullface":"down"}}},{"from":[11,-0.001,8],"to":[13,-0.001,10],"light_emission":15,"rotation":{"angle":0,"axis":"x","origin":[8,8,8]},"faces":{"down":{"uv":[11,6,13,8],"texture":"#glow","cullface":"down"}}}],"display":{"thirdperson_righthand":{"rotation":[75,45,0],"translation":[0,2.5,0],"scale":[0.375,0.375,0.375]},"thirdperson_lefthand":{"rotation":[75,45,0],"translation":[0,2.5,0],"scale":[0.375,0.375,0.375]},"firstperson_righthand":{"rotation":[0,45,0],"scale":[0.4,0.4,0.4]},"firstperson_lefthand":{"rotation":[0,225,0],"scale":[0.4,0.4,0.4]},"ground":{"translation":[0,3,0],"scale":[0.25,0.25,0.25]},"gui":{"rotation":[30,225,0],"scale":[0.625,0.625,0.625]},"fixed":{"scale":[0.5,0.5,0.5]}},"groups":[0,{"name":"glow1","origin":[8,8,8],"color":0,"children":[1,2,3,4,5,6,7,8,9,10,11,12,13,14,15,16,{"name":"glow2","origin":[8,8,8],"color":0,"children":[17,18,19,20,21,22,23,24,25,26,27,28,29,30,31,32,{"name":"glow3","origin":[8,8,8],"color":0,"children":[33,34,35,36,37,38,39,40,41,42,43,44,45,46,47,48,{"name":"glow4","origin":[8,8,8],"color":0,"children":[49,50,51,52,53,54,55,56,57,58,59,60,61,62,63,64,{"name":"glow5","origin":[8,8,8],"color":0,"children":[65,66,67,68,69,70,71,72,73,74,75,76,77,78,79,80,{"name":"glow6","origin":[8,8,8],"color":0,"children":[81,82,83,84,85,86,87,88,89,90,91,92,93,94,95,96]}]}]}]}]}]}]}