{
	"format_version": "1.21.6",
	"credit": "Made with Blockbench",
	"textures": {
		"1": "item/arrow_bow_model",
		"3": "item/bow_pulling_0",
		"particle": "item/bow_pulling_0"
	},
	"elements": [
		{
			"from": [1, 1, 7.5],
			"to": [4, 2, 8.5],
			"rotation": {"angle": 0, "axis": "y", "origin": [0, 1, 7.5]},
			"faces": {
				"north": {"uv": [4, 14, 1, 15], "texture": "#3", "cullface": "north"},
				"east": {"uv": [3, 14, 4, 15], "texture": "#3", "cullface": "east"},
				"south": {"uv": [1, 14, 4, 15], "texture": "#3", "cullface": "south"},
				"west": {"uv": [1, 14, 2, 15], "texture": "#3", "cullface": "west"},
				"up": {"uv": [1, 14, 4, 15], "texture": "#3", "cullface": "up"},
				"down": {"uv": [1, 14, 4, 15], "texture": "#3", "cullface": "down"}
			}
		},
		{
			"from": [2, 0, 7.5],
			"to": [3, 1, 8.5],
			"rotation": {"angle": 0, "axis": "y", "origin": [0, 0, 7.5]},
			"faces": {
				"north": {"uv": [2, 15, 3, 16], "texture": "#3", "cullface": "north"},
				"east": {"uv": [2, 15, 3, 16], "texture": "#3", "cullface": "east"},
				"south": {"uv": [2, 15, 3, 16], "texture": "#3", "cullface": "south"},
				"west": {"uv": [2, 15, 3, 16], "texture": "#3", "cullface": "west"},
				"up": {"uv": [2, 15, 3, 16], "texture": "#3", "cullface": "up"},
				"down": {"uv": [2, 15, 3, 16], "texture": "#3", "cullface": "down"}
			}
		},
		{
			"from": [1, 2, 7.5],
			"to": [4, 3, 8.5],
			"rotation": {"angle": 0, "axis": "y", "origin": [0, 2, 7.5]},
			"faces": {
				"north": {"uv": [4, 13, 1, 14], "texture": "#3", "cullface": "north"},
				"east": {"uv": [3, 13, 4, 14], "texture": "#3", "cullface": "east"},
				"south": {"uv": [1, 13, 4, 14], "texture": "#3", "cullface": "south"},
				"west": {"uv": [1, 13, 2, 14], "texture": "#3", "cullface": "west"},
				"up": {"uv": [1, 13, 4, 14], "texture": "#3", "cullface": "up"},
				"down": {"uv": [1, 13, 4, 14], "texture": "#3", "cullface": "down"}
			}
		},
		{
			"from": [1, 3, 7.5],
			"to": [4, 4, 8.5],
			"rotation": {"angle": 0, "axis": "y", "origin": [0, 3, 7.5]},
			"faces": {
				"north": {"uv": [4, 12, 1, 13], "texture": "#3", "cullface": "north"},
				"east": {"uv": [3, 12, 4, 13], "texture": "#3", "cullface": "east"},
				"south": {"uv": [1, 12, 4, 13], "texture": "#3", "cullface": "south"},
				"west": {"uv": [1, 12, 2, 13], "texture": "#3", "cullface": "west"},
				"up": {"uv": [1, 12, 4, 13], "texture": "#3", "cullface": "up"},
				"down": {"uv": [1, 12, 4, 13], "texture": "#3", "cullface": "down"}
			}
		},
		{
			"from": [1, 4, 7.5],
			"to": [4, 5, 8.5],
			"rotation": {"angle": 0, "axis": "y", "origin": [0, 4, 7.5]},
			"faces": {
				"north": {"uv": [4, 11, 1, 12], "texture": "#3", "cullface": "north"},
				"east": {"uv": [3, 11, 4, 12], "texture": "#3", "cullface": "east"},
				"south": {"uv": [1, 11, 4, 12], "texture": "#3", "cullface": "south"},
				"west": {"uv": [1, 11, 2, 12], "texture": "#3", "cullface": "west"},
				"up": {"uv": [1, 11, 4, 12], "texture": "#3", "cullface": "up"},
				"down": {"uv": [1, 11, 4, 12], "texture": "#3", "cullface": "down"}
			}
		},
		{
			"from": [2, 5, 7.5],
			"to": [5, 6, 8.5],
			"rotation": {"angle": 0, "axis": "y", "origin": [1, 5, 7.5]},
			"faces": {
				"north": {"uv": [5, 10, 2, 11], "texture": "#3", "cullface": "north"},
				"east": {"uv": [4, 10, 5, 11], "texture": "#3", "cullface": "east"},
				"south": {"uv": [2, 10, 5, 11], "texture": "#3", "cullface": "south"},
				"west": {"uv": [2, 10, 3, 11], "texture": "#3", "cullface": "west"},
				"up": {"uv": [2, 10, 5, 11], "texture": "#3", "cullface": "up"},
				"down": {"uv": [2, 10, 5, 11], "texture": "#3", "cullface": "down"}
			}
		},
		{
			"from": [2, 6, 7.5],
			"to": [5, 7, 8.5],
			"rotation": {"angle": 0, "axis": "y", "origin": [1, 6, 7.5]},
			"faces": {
				"north": {"uv": [5, 9, 2, 10], "texture": "#3", "cullface": "north"},
				"east": {"uv": [4, 9, 5, 10], "texture": "#3", "cullface": "east"},
				"south": {"uv": [2, 9, 5, 10], "texture": "#3", "cullface": "south"},
				"west": {"uv": [2, 9, 3, 10], "texture": "#3", "cullface": "west"},
				"up": {"uv": [2, 9, 5, 10], "texture": "#3", "cullface": "up"},
				"down": {"uv": [2, 9, 5, 10], "texture": "#3", "cullface": "down"}
			}
		},
		{
			"from": [2, 7, 7.5],
			"to": [5, 8, 8.5],
			"rotation": {"angle": 0, "axis": "y", "origin": [1, 7, 7.5]},
			"faces": {
				"north": {"uv": [5, 8, 2, 9], "texture": "#3", "cullface": "north"},
				"east": {"uv": [4, 8, 5, 9], "texture": "#3", "cullface": "east"},
				"south": {"uv": [2, 8, 5, 9], "texture": "#3", "cullface": "south"},
				"west": {"uv": [2, 8, 3, 9], "texture": "#3", "cullface": "west"},
				"up": {"uv": [2, 8, 5, 9], "texture": "#3", "cullface": "up"},
				"down": {"uv": [2, 8, 5, 9], "texture": "#3", "cullface": "down"}
			}
		},
		{
			"from": [3, 8, 7.5],
			"to": [6, 9, 8.5],
			"rotation": {"angle": 0, "axis": "y", "origin": [2, 8, 7.5]},
			"faces": {
				"north": {"uv": [6, 7, 3, 8], "texture": "#3", "cullface": "north"},
				"east": {"uv": [5, 7, 6, 8], "texture": "#3", "cullface": "east"},
				"south": {"uv": [3, 7, 6, 8], "texture": "#3", "cullface": "south"},
				"west": {"uv": [3, 7, 4, 8], "texture": "#3", "cullface": "west"},
				"up": {"uv": [3, 7, 6, 8], "texture": "#3", "cullface": "up"},
				"down": {"uv": [3, 7, 6, 8], "texture": "#3", "cullface": "down"}
			}
		},
		{
			"from": [3, 9, 7.5],
			"to": [7, 10, 8.5],
			"rotation": {"angle": 0, "axis": "y", "origin": [2, 9, 7.5]},
			"faces": {
				"north": {"uv": [7, 6, 3, 7], "texture": "#3", "cullface": "north"},
				"east": {"uv": [6, 6, 7, 7], "texture": "#3", "cullface": "east"},
				"south": {"uv": [3, 6, 7, 7], "texture": "#3", "cullface": "south"},
				"west": {"uv": [3, 6, 4, 7], "texture": "#3", "cullface": "west"},
				"up": {"uv": [3, 6, 7, 7], "texture": "#3", "cullface": "up"},
				"down": {"uv": [3, 6, 7, 7], "texture": "#3", "cullface": "down"}
			}
		},
		{
			"from": [4, 10, 7.5],
			"to": [8, 11, 8.5],
			"rotation": {"angle": 0, "axis": "y", "origin": [3, 10, 7.5]},
			"faces": {
				"north": {"uv": [8, 5, 4, 6], "texture": "#3", "cullface": "north"},
				"east": {"uv": [7, 5, 8, 6], "texture": "#3", "cullface": "east"},
				"south": {"uv": [4, 5, 8, 6], "texture": "#3", "cullface": "south"},
				"west": {"uv": [4, 5, 5, 6], "texture": "#3", "cullface": "west"},
				"up": {"uv": [4, 5, 8, 6], "texture": "#3", "cullface": "up"},
				"down": {"uv": [4, 5, 8, 6], "texture": "#3", "cullface": "down"}
			}
		},
		{
			"from": [5, 11, 7.5],
			"to": [11, 12, 8.5],
			"rotation": {"angle": 0, "axis": "y", "origin": [4, 11, 7.5]},
			"faces": {
				"north": {"uv": [11, 4, 5, 5], "texture": "#3", "cullface": "north"},
				"east": {"uv": [10, 4, 11, 5], "texture": "#3", "cullface": "east"},
				"south": {"uv": [5, 4, 11, 5], "texture": "#3", "cullface": "south"},
				"west": {"uv": [5, 4, 6, 5], "texture": "#3", "cullface": "west"},
				"up": {"uv": [5, 4, 11, 5], "texture": "#3", "cullface": "up"},
				"down": {"uv": [5, 4, 11, 5], "texture": "#3", "cullface": "down"}
			}
		},
		{
			"from": [6, 12, 7.5],
			"to": [15, 13, 8.5],
			"rotation": {"angle": 0, "axis": "y", "origin": [5, 12, 7.5]},
			"faces": {
				"north": {"uv": [15, 3, 6, 4], "texture": "#3", "cullface": "north"},
				"east": {"uv": [14, 3, 15, 4], "texture": "#3", "cullface": "east"},
				"south": {"uv": [6, 3, 15, 4], "texture": "#3", "cullface": "south"},
				"west": {"uv": [6, 3, 7, 4], "texture": "#3", "cullface": "west"},
				"up": {"uv": [6, 3, 15, 4], "texture": "#3", "cullface": "up"},
				"down": {"uv": [6, 3, 15, 4], "texture": "#3", "cullface": "down"}
			}
		},
		{
			"from": [8, 13, 7.5],
			"to": [16, 14, 8.5],
			"rotation": {"angle": 0, "axis": "y", "origin": [7, 13, 7.5]},
			"faces": {
				"north": {"uv": [16, 2, 8, 3], "texture": "#3", "cullface": "north"},
				"east": {"uv": [15, 2, 16, 3], "texture": "#3", "cullface": "east"},
				"south": {"uv": [8, 2, 16, 3], "texture": "#3", "cullface": "south"},
				"west": {"uv": [8, 2, 9, 3], "texture": "#3", "cullface": "west"},
				"up": {"uv": [8, 2, 16, 3], "texture": "#3", "cullface": "up"},
				"down": {"uv": [8, 2, 16, 3], "texture": "#3", "cullface": "down"}
			}
		},
		{
			"from": [11, 14, 7.5],
			"to": [15, 15, 8.5],
			"rotation": {"angle": 0, "axis": "y", "origin": [7, 14, 7.5]},
			"faces": {
				"north": {"uv": [15, 1, 11, 2], "texture": "#3", "cullface": "north"},
				"east": {"uv": [14, 1, 15, 2], "texture": "#3", "cullface": "east"},
				"south": {"uv": [11, 1, 15, 2], "texture": "#3", "cullface": "south"},
				"west": {"uv": [11, 1, 12, 2], "texture": "#3", "cullface": "west"},
				"up": {"uv": [11, 1, 15, 2], "texture": "#3", "cullface": "up"},
				"down": {"uv": [11, 1, 15, 2], "texture": "#3", "cullface": "down"}
			}
		},
		{
			"from": [4, 1, 7.5],
			"to": [5, 2, 8.5],
			"rotation": {"angle": 0, "axis": "y", "origin": [2, 1, 7.5]},
			"faces": {
				"north": {"uv": [4, 14, 5, 15], "texture": "#3", "cullface": "north"},
				"east": {"uv": [4, 14, 5, 15], "texture": "#3", "cullface": "east"},
				"south": {"uv": [4, 14, 5, 15], "texture": "#3", "cullface": "south"},
				"west": {"uv": [4, 14, 5, 15], "texture": "#3", "cullface": "west"},
				"up": {"uv": [4, 14, 5, 15], "texture": "#3", "cullface": "up"},
				"down": {"uv": [4, 14, 5, 15], "texture": "#3", "cullface": "down"}
			}
		},
		{
			"from": [5, 2, 7.5],
			"to": [7, 3, 8.5],
			"rotation": {"angle": 0, "axis": "y", "origin": [3, 2, 7.5]},
			"faces": {
				"north": {"uv": [5, 13, 7, 14], "texture": "#3", "cullface": "north"},
				"east": {"uv": [6, 13, 7, 14], "texture": "#3", "cullface": "east"},
				"south": {"uv": [5, 13, 7, 14], "texture": "#3", "cullface": "south"},
				"west": {"uv": [5, 13, 6, 14], "texture": "#3", "cullface": "west"},
				"up": {"uv": [5, 13, 7, 14], "texture": "#3", "cullface": "up"},
				"down": {"uv": [5, 13, 7, 14], "texture": "#3", "cullface": "down"}
			}
		},
		{
			"from": [8, 4, 7.5],
			"to": [10, 5, 8.5],
			"rotation": {"angle": 0, "axis": "y", "origin": [6, 4, 7.5]},
			"faces": {
				"north": {"uv": [8, 11, 10, 12], "texture": "#3", "cullface": "north"},
				"east": {"uv": [9, 11, 10, 12], "texture": "#3", "cullface": "east"},
				"south": {"uv": [8, 11, 10, 12], "texture": "#3", "cullface": "south"},
				"west": {"uv": [8, 11, 9, 12], "texture": "#3", "cullface": "west"},
				"up": {"uv": [8, 11, 10, 12], "texture": "#3", "cullface": "up"},
				"down": {"uv": [8, 11, 10, 12], "texture": "#3", "cullface": "down"}
			}
		},
		{
			"from": [7, 3, 7.5],
			"to": [8, 4, 8.5],
			"rotation": {"angle": 0, "axis": "y", "origin": [4, 3, 7.5]},
			"faces": {
				"north": {"uv": [7, 12, 8, 13], "texture": "#3", "cullface": "north"},
				"east": {"uv": [7, 12, 8, 13], "texture": "#3", "cullface": "east"},
				"south": {"uv": [7, 12, 8, 13], "texture": "#3", "cullface": "south"},
				"west": {"uv": [7, 12, 8, 13], "texture": "#3", "cullface": "west"},
				"up": {"uv": [7, 12, 8, 13], "texture": "#3", "cullface": "up"},
				"down": {"uv": [7, 12, 8, 13], "texture": "#3", "cullface": "down"}
			}
		},
		{
			"from": [10, 5, 7.5],
			"to": [11, 6, 8.5],
			"rotation": {"angle": 0, "axis": "y", "origin": [7, 5, 7.5]},
			"faces": {
				"north": {"uv": [10, 10, 11, 11], "texture": "#3", "cullface": "north"},
				"east": {"uv": [10, 10, 11, 11], "texture": "#3", "cullface": "east"},
				"south": {"uv": [10, 10, 11, 11], "texture": "#3", "cullface": "south"},
				"west": {"uv": [10, 10, 11, 11], "texture": "#3", "cullface": "west"},
				"up": {"uv": [10, 10, 11, 11], "texture": "#3", "cullface": "up"},
				"down": {"uv": [10, 10, 11, 11], "texture": "#3", "cullface": "down"}
			}
		},
		{
			"from": [11, 6, 7.5],
			"to": [12, 7, 8.5],
			"rotation": {"angle": 0, "axis": "y", "origin": [8, 6, 7.5]},
			"faces": {
				"north": {"uv": [12, 9, 11, 10], "texture": "#3", "cullface": "north"},
				"east": {"uv": [11, 9, 12, 10], "texture": "#3", "cullface": "east"},
				"south": {"uv": [11, 9, 12, 10], "texture": "#3", "cullface": "south"},
				"west": {"uv": [11, 9, 12, 10], "texture": "#3", "cullface": "west"},
				"up": {"uv": [11, 9, 12, 10], "texture": "#3", "cullface": "up"},
				"down": {"uv": [11, 9, 12, 10], "texture": "#3", "cullface": "down"}
			}
		},
		{
			"from": [11, 7, 7.5],
			"to": [12, 8, 8.5],
			"rotation": {"angle": 0, "axis": "y", "origin": [8, 7, 7.5]},
			"faces": {
				"north": {"uv": [11, 8, 12, 9], "texture": "#3", "cullface": "north"},
				"east": {"uv": [11, 8, 12, 9], "texture": "#3", "cullface": "east"},
				"south": {"uv": [11, 8, 12, 9], "texture": "#3", "cullface": "south"},
				"west": {"uv": [11, 8, 12, 9], "texture": "#3", "cullface": "west"},
				"up": {"uv": [11, 8, 12, 9], "texture": "#3", "cullface": "up"},
				"down": {"uv": [11, 8, 12, 9], "texture": "#3", "cullface": "down"}
			}
		},
		{
			"from": [13, 9, 7.5],
			"to": [14, 10, 8.5],
			"rotation": {"angle": 0, "axis": "y", "origin": [10, 9, 7.5]},
			"faces": {
				"north": {"uv": [13, 6, 14, 7], "texture": "#3", "cullface": "north"},
				"east": {"uv": [13, 6, 14, 7], "texture": "#3", "cullface": "east"},
				"south": {"uv": [13, 6, 14, 7], "texture": "#3", "cullface": "south"},
				"west": {"uv": [13, 6, 14, 7], "texture": "#3", "cullface": "west"},
				"up": {"uv": [13, 6, 14, 7], "texture": "#3", "cullface": "up"},
				"down": {"uv": [13, 6, 14, 7], "texture": "#3", "cullface": "down"}
			}
		},
		{
			"from": [13, 10, 7.5],
			"to": [14, 11, 8.5],
			"rotation": {"angle": 0, "axis": "y", "origin": [10, 10, 7.5]},
			"faces": {
				"north": {"uv": [13, 5, 14, 6], "texture": "#3", "cullface": "north"},
				"east": {"uv": [13, 5, 14, 6], "texture": "#3", "cullface": "east"},
				"south": {"uv": [13, 5, 14, 6], "texture": "#3", "cullface": "south"},
				"west": {"uv": [13, 5, 14, 6], "texture": "#3", "cullface": "west"},
				"up": {"uv": [13, 5, 14, 6], "texture": "#3", "cullface": "up"},
				"down": {"uv": [13, 5, 14, 6], "texture": "#3", "cullface": "down"}
			}
		},
		{
			"from": [12, 8, 7.5],
			"to": [13, 9, 8.5],
			"rotation": {"angle": 0, "axis": "y", "origin": [9, 8, 7.5]},
			"faces": {
				"north": {"uv": [12, 7, 13, 8], "texture": "#3", "cullface": "north"},
				"east": {"uv": [12, 7, 13, 8], "texture": "#3", "cullface": "east"},
				"south": {"uv": [12, 7, 13, 8], "texture": "#3", "cullface": "south"},
				"west": {"uv": [12, 7, 13, 8], "texture": "#3", "cullface": "west"},
				"up": {"uv": [12, 7, 13, 8], "texture": "#3", "cullface": "up"},
				"down": {"uv": [12, 7, 13, 8], "texture": "#3", "cullface": "down"}
			}
		},
		{
			"from": [14, 11, 7.5],
			"to": [15, 12, 8.5],
			"rotation": {"angle": 0, "axis": "y", "origin": [12, 11, 7.5]},
			"faces": {
				"north": {"uv": [14, 4, 15, 5], "texture": "#3", "cullface": "south"},
				"east": {"uv": [14, 4, 15, 5], "texture": "#3", "cullface": "south"},
				"south": {"uv": [14, 4, 15, 5], "texture": "#3", "cullface": "south"},
				"west": {"uv": [14, 4, 15, 5], "texture": "#3", "cullface": "south"},
				"up": {"uv": [14, 4, 15, 5], "texture": "#3", "cullface": "south"},
				"down": {"uv": [14, 4, 15, 5], "texture": "#3", "cullface": "south"}
			}
		},
		{
			"from": [4, 10, 8.5],
			"to": [7, 11, 9.5],
			"rotation": {"angle": 0, "axis": "y", "origin": [2, 10, 8.5]},
			"faces": {
				"north": {"uv": [8, 6, 5, 7], "texture": "#1", "cullface": "north"},
				"east": {"uv": [7, 6, 8, 7], "texture": "#1", "cullface": "east"},
				"south": {"uv": [5, 6, 8, 7], "texture": "#1", "cullface": "south"},
				"west": {"uv": [5, 6, 6, 7], "texture": "#1", "cullface": "west"},
				"up": {"uv": [5, 6, 8, 7], "texture": "#1", "cullface": "up"},
				"down": {"uv": [5, 6, 8, 7], "texture": "#1", "cullface": "down"}
			}
		},
		{
			"from": [5, 9, 8.5],
			"to": [8, 10, 9.5],
			"rotation": {"angle": 0, "axis": "y", "origin": [3, 9, 8.5]},
			"faces": {
				"north": {"uv": [9, 7, 6, 8], "texture": "#1", "cullface": "north"},
				"east": {"uv": [8, 7, 9, 8], "texture": "#1", "cullface": "east"},
				"south": {"uv": [6, 7, 9, 8], "texture": "#1", "cullface": "south"},
				"west": {"uv": [6, 7, 7, 8], "texture": "#1", "cullface": "west"},
				"up": {"uv": [6, 7, 9, 8], "texture": "#1", "cullface": "up"},
				"down": {"uv": [6, 7, 9, 8], "texture": "#1", "cullface": "down"}
			}
		},
		{
			"from": [6, 8, 8.5],
			"to": [9, 9, 9.5],
			"rotation": {"angle": 0, "axis": "y", "origin": [4, 8, 8.5]},
			"faces": {
				"north": {"uv": [10, 8, 7, 9], "texture": "#1", "cullface": "north"},
				"east": {"uv": [9, 8, 10, 9], "texture": "#1", "cullface": "east"},
				"south": {"uv": [7, 8, 10, 9], "texture": "#1", "cullface": "south"},
				"west": {"uv": [7, 8, 8, 9], "texture": "#1", "cullface": "west"},
				"up": {"uv": [7, 8, 10, 9], "texture": "#1", "cullface": "up"},
				"down": {"uv": [7, 8, 10, 9], "texture": "#1", "cullface": "down"}
			}
		},
		{
			"from": [8, 4, 8.5],
			"to": [14, 5, 9.5],
			"rotation": {"angle": 0, "axis": "y", "origin": [7, 4, 8.5]},
			"faces": {
				"north": {"uv": [15, 12, 9, 13], "texture": "#1", "cullface": "north"},
				"east": {"uv": [14, 12, 15, 13], "texture": "#1", "cullface": "east"},
				"south": {"uv": [9, 12, 15, 13], "texture": "#1", "cullface": "south"},
				"west": {"uv": [9, 12, 10, 13], "texture": "#1", "cullface": "west"},
				"up": {"uv": [9, 12, 15, 13], "texture": "#1", "cullface": "up"},
				"down": {"uv": [9, 12, 15, 13], "texture": "#1", "cullface": "down"}
			}
		},
		{
			"from": [9, 3, 8.5],
			"to": [12, 4, 9.5],
			"rotation": {"angle": 0, "axis": "y", "origin": [7, 3, 8.5]},
			"faces": {
				"north": {"uv": [13, 13, 10, 14], "texture": "#1", "cullface": "north"},
				"east": {"uv": [12, 13, 13, 14], "texture": "#1", "cullface": "east"},
				"south": {"uv": [10, 13, 13, 14], "texture": "#1", "cullface": "south"},
				"west": {"uv": [10, 13, 11, 14], "texture": "#1", "cullface": "west"},
				"up": {"uv": [10, 13, 13, 14], "texture": "#1", "cullface": "up"},
				"down": {"uv": [10, 13, 13, 14], "texture": "#1", "cullface": "down"}
			}
		},
		{
			"from": [10, 2, 8.5],
			"to": [12, 3, 9.5],
			"rotation": {"angle": 0, "axis": "y", "origin": [7, 2, 8.5]},
			"faces": {
				"north": {"uv": [13, 14, 11, 15], "texture": "#1", "cullface": "north"},
				"east": {"uv": [12, 14, 13, 15], "texture": "#1", "cullface": "east"},
				"south": {"uv": [11, 14, 13, 15], "texture": "#1", "cullface": "south"},
				"west": {"uv": [11, 14, 12, 15], "texture": "#1", "cullface": "west"},
				"up": {"uv": [11, 14, 13, 15], "texture": "#1", "cullface": "up"},
				"down": {"uv": [11, 14, 13, 15], "texture": "#1", "cullface": "down"}
			}
		},
		{
			"from": [2, 10, 8.5],
			"to": [3, 11, 9.5],
			"rotation": {"angle": 0, "axis": "y", "origin": [-1, 10, 8.5]},
			"faces": {
				"north": {"uv": [4, 6, 3, 7], "texture": "#1", "cullface": "north"},
				"east": {"uv": [3, 6, 4, 7], "texture": "#1", "cullface": "east"},
				"south": {"uv": [3, 6, 4, 7], "texture": "#1", "cullface": "south"},
				"west": {"uv": [3, 6, 4, 7], "texture": "#1", "cullface": "west"},
				"up": {"uv": [3, 6, 4, 7], "texture": "#1", "cullface": "up"},
				"down": {"uv": [3, 6, 4, 7], "texture": "#1", "cullface": "down"}
			}
		},
		{
			"from": [7, 7, 8.5],
			"to": [12, 8, 9.5],
			"rotation": {"angle": 0, "axis": "y", "origin": [5, 7, 8.5]},
			"faces": {
				"north": {"uv": [13, 9, 8, 10], "texture": "#1", "cullface": "north"},
				"east": {"uv": [12, 9, 13, 10], "texture": "#1", "cullface": "east"},
				"south": {"uv": [8, 9, 13, 10], "texture": "#1", "cullface": "south"},
				"west": {"uv": [8, 9, 9, 10], "texture": "#1", "cullface": "west"},
				"up": {"uv": [8, 9, 13, 10], "texture": "#1", "cullface": "up"},
				"down": {"uv": [8, 9, 13, 10], "texture": "#1", "cullface": "down"}
			}
		},
		{
			"from": [8, 6, 8.5],
			"to": [13, 7, 9.5],
			"rotation": {"angle": 0, "axis": "y", "origin": [6, 6, 8.5]},
			"faces": {
				"north": {"uv": [14, 10, 9, 11], "texture": "#1", "cullface": "north"},
				"east": {"uv": [13, 10, 14, 11], "texture": "#1", "cullface": "east"},
				"south": {"uv": [9, 10, 14, 11], "texture": "#1", "cullface": "south"},
				"west": {"uv": [9, 10, 10, 11], "texture": "#1", "cullface": "west"},
				"up": {"uv": [9, 10, 14, 11], "texture": "#1", "cullface": "up"},
				"down": {"uv": [9, 10, 14, 11], "texture": "#1", "cullface": "down"}
			}
		},
		{
			"from": [8, 5, 8.5],
			"to": [14, 6, 9.5],
			"rotation": {"angle": 0, "axis": "y", "origin": [6, 5, 8.5]},
			"faces": {
				"north": {"uv": [15, 11, 9, 12], "texture": "#1", "cullface": "north"},
				"east": {"uv": [14, 11, 15, 12], "texture": "#1", "cullface": "east"},
				"south": {"uv": [9, 11, 15, 12], "texture": "#1", "cullface": "south"},
				"west": {"uv": [9, 11, 10, 12], "texture": "#1", "cullface": "west"},
				"up": {"uv": [9, 11, 15, 12], "texture": "#1", "cullface": "up"},
				"down": {"uv": [9, 11, 15, 12], "texture": "#1", "cullface": "down"}
			}
		},
		{
			"from": [1, 11, 8.5],
			"to": [6, 12, 9.5],
			"rotation": {"angle": 0, "axis": "y", "origin": [1, 11, 8.5]},
			"faces": {
				"north": {"uv": [7, 5, 2, 6], "texture": "#1", "cullface": "north"},
				"east": {"uv": [6, 5, 7, 6], "texture": "#1", "cullface": "east"},
				"south": {"uv": [2, 5, 7, 6], "texture": "#1", "cullface": "south"},
				"west": {"uv": [2, 5, 3, 6], "texture": "#1", "cullface": "west"},
				"up": {"uv": [2, 5, 7, 6], "texture": "#1", "cullface": "up"},
				"down": {"uv": [2, 5, 7, 6], "texture": "#1", "cullface": "down"}
			}
		},
		{
			"from": [1, 12, 8.5],
			"to": [5, 13, 9.5],
			"rotation": {"angle": 0, "axis": "y", "origin": [1, 12, 8.5]},
			"faces": {
				"north": {"uv": [6, 4, 2, 5], "texture": "#1", "cullface": "north"},
				"east": {"uv": [5, 4, 6, 5], "texture": "#1", "cullface": "east"},
				"south": {"uv": [2, 4, 6, 5], "texture": "#1", "cullface": "south"},
				"west": {"uv": [2, 4, 3, 5], "texture": "#1", "cullface": "west"},
				"up": {"uv": [2, 4, 6, 5], "texture": "#1", "cullface": "up"},
				"down": {"uv": [2, 4, 6, 5], "texture": "#1", "cullface": "down"}
			}
		},
		{
			"from": [0, 13, 8.5],
			"to": [6, 14, 9.5],
			"rotation": {"angle": 0, "axis": "y", "origin": [0, 13, 8.5]},
			"faces": {
				"north": {"uv": [7, 3, 1, 4], "texture": "#1", "cullface": "north"},
				"east": {"uv": [6, 3, 7, 4], "texture": "#1", "cullface": "east"},
				"south": {"uv": [1, 3, 7, 4], "texture": "#1", "cullface": "south"},
				"west": {"uv": [1, 3, 2, 4], "texture": "#1", "cullface": "west"},
				"up": {"uv": [1, 3, 7, 4], "texture": "#1", "cullface": "up"},
				"down": {"uv": [1, 3, 7, 4], "texture": "#1", "cullface": "down"}
			}
		},
		{
			"from": [0, 14, 8.5],
			"to": [5, 15, 9.5],
			"rotation": {"angle": 0, "axis": "y", "origin": [0, 14, 8.5]},
			"faces": {
				"north": {"uv": [6, 2, 1, 3], "texture": "#1", "cullface": "north"},
				"east": {"uv": [5, 2, 6, 3], "texture": "#1", "cullface": "east"},
				"south": {"uv": [1, 2, 6, 3], "texture": "#1", "cullface": "south"},
				"west": {"uv": [1, 2, 2, 3], "texture": "#1", "cullface": "west"},
				"up": {"uv": [1, 2, 6, 3], "texture": "#1", "cullface": "up"},
				"down": {"uv": [1, 2, 6, 3], "texture": "#1", "cullface": "down"}
			}
		},
		{
			"from": [0, 15, 8.5],
			"to": [3, 16, 9.5],
			"rotation": {"angle": 0, "axis": "y", "origin": [0, 15, 8.5]},
			"faces": {
				"north": {"uv": [4, 1, 1, 2], "texture": "#1", "cullface": "north"},
				"east": {"uv": [3, 1, 4, 2], "texture": "#1", "cullface": "east"},
				"south": {"uv": [1, 1, 4, 2], "texture": "#1", "cullface": "south"},
				"west": {"uv": [1, 1, 2, 2], "texture": "#1", "cullface": "west"},
				"up": {"uv": [1, 1, 4, 2], "texture": "#1", "cullface": "up"},
				"down": {"uv": [1, 1, 4, 2], "texture": "#1", "cullface": "down"}
			}
		}
	],
	"gui_light": "front",
	"display": {
		"thirdperson_righthand": {
			"rotation": [-80, -100, -40],
			"translation": [-1, -2, 2.5],
			"scale": [0.9, 0.9, 0.9]
		},
		"thirdperson_lefthand": {
			"rotation": [-80, 80, 40],
			"translation": [-1, -2, 2.5],
			"scale": [0.9, 0.9, 0.9]
		},
		"firstperson_righthand": {
			"rotation": [0, -90, 25],
			"translation": [1.13, 3.2, 1.13],
			"scale": [0.68, 0.68, 0.68]
		},
		"firstperson_lefthand": {
			"rotation": [-115, -90, 0],
			"translation": [1.13, 3.2, 1.13],
			"scale": [0.68, 0.68, 0.68]
		},
		"ground": {
			"translation": [0, 2, 0],
			"scale": [0.5, 0.5, 0.5]
		},
		"fixed": {
			"rotation": [0, -180, 0]
		}
	},
	"groups": [
		{
			"name": "model",
			"origin": [3, 6, 7.5],
			"color": 0,
			"children": [0, 1, 2, 3, 4, 5, 6, 7, 8, 9, 10, 11, 12, 13, 14, 15, 16, 17, 18, 19, 20, 21, 22, 23, 24, 25]
		},
		{
			"name": "arrow",
			"origin": [0, 0, 0],
			"color": 0,
			"children": [26, 27, 28, 29, 30, 31, 32, 33, 34, 35, 36, 37, 38, 39, 40]
		}
	]
}