{
	"format_version": "1.21.6",
	"credit": "Made with Blockbench",
	"textures": {
		"1": "item/enchant_glint",
		"2": "item/arrow_bow_model_enchant",
		"3": "item/bow_pulling_1_model",
		"particle": "item/bow_pulling_1_model"
	},
	"elements": [
		{
			"from": [1, 1, 7.5],
			"to": [4, 2, 8.5],
			"light_emission": 15,
			"rotation": {"angle": 0, "axis": "y", "origin": [0, 1, 7.5]},
			"faces": {
				"north": {"uv": [4, 14, 1, 15], "texture": "#3", "cullface": "north"},
				"east": {"uv": [3, 14, 4, 15], "texture": "#3", "cullface": "east"},
				"south": {"uv": [1, 14, 4, 15], "texture": "#3", "cullface": "south"},
				"west": {"uv": [1, 14, 2, 15], "texture": "#3", "cullface": "west"},
				"up": {"uv": [1, 14, 4, 15], "texture": "#3", "cullface": "up"},
				"down": {"uv": [1, 14, 4, 15], "texture": "#3", "cullface": "down"}
			}
		},
		{
			"from": [2, 0, 7.5],
			"to": [3, 1, 8.5],
			"light_emission": 15,
			"rotation": {"angle": 0, "axis": "y", "origin": [0, 0, 7.5]},
			"faces": {
				"north": {"uv": [2, 15, 3, 16], "texture": "#3", "cullface": "north"},
				"east": {"uv": [2, 15, 3, 16], "texture": "#3", "cullface": "east"},
				"south": {"uv": [2, 15, 3, 16], "texture": "#3", "cullface": "south"},
				"west": {"uv": [2, 15, 3, 16], "texture": "#3", "cullface": "west"},
				"up": {"uv": [2, 15, 3, 16], "texture": "#3", "cullface": "up"},
				"down": {"uv": [2, 15, 3, 16], "texture": "#3", "cullface": "down"}
			}
		},
		{
			"from": [1, 2, 7.5],
			"to": [4, 3, 8.5],
			"light_emission": 15,
			"rotation": {"angle": 0, "axis": "y", "origin": [0, 2, 7.5]},
			"faces": {
				"north": {"uv": [4, 13, 1, 14], "texture": "#3", "cullface": "north"},
				"east": {"uv": [3, 13, 4, 14], "texture": "#3", "cullface": "east"},
				"south": {"uv": [1, 13, 4, 14], "texture": "#3", "cullface": "south"},
				"west": {"uv": [1, 13, 2, 14], "texture": "#3", "cullface": "west"},
				"up": {"uv": [1, 13, 4, 14], "texture": "#3", "cullface": "up"},
				"down": {"uv": [1, 13, 4, 14], "texture": "#3", "cullface": "down"}
			}
		},
		{
			"from": [1, 3, 7.5],
			"to": [4, 4, 8.5],
			"light_emission": 15,
			"rotation": {"angle": 0, "axis": "y", "origin": [0, 3, 7.5]},
			"faces": {
				"north": {"uv": [4, 12, 1, 13], "texture": "#3", "cullface": "north"},
				"east": {"uv": [3, 12, 4, 13], "texture": "#3", "cullface": "east"},
				"south": {"uv": [1, 12, 4, 13], "texture": "#3", "cullface": "south"},
				"west": {"uv": [1, 12, 2, 13], "texture": "#3", "cullface": "west"},
				"up": {"uv": [1, 12, 4, 13], "texture": "#3", "cullface": "up"},
				"down": {"uv": [1, 12, 4, 13], "texture": "#3", "cullface": "down"}
			}
		},
		{
			"from": [2, 4, 7.5],
			"to": [5, 5, 8.5],
			"light_emission": 15,
			"rotation": {"angle": 0, "axis": "y", "origin": [1, 4, 7.5]},
			"faces": {
				"north": {"uv": [5, 11, 2, 12], "texture": "#3", "cullface": "north"},
				"east": {"uv": [4, 11, 5, 12], "texture": "#3", "cullface": "east"},
				"south": {"uv": [2, 11, 5, 12], "texture": "#3", "cullface": "south"},
				"west": {"uv": [2, 11, 3, 12], "texture": "#3", "cullface": "west"},
				"up": {"uv": [2, 11, 5, 12], "texture": "#3", "cullface": "up"},
				"down": {"uv": [2, 11, 5, 12], "texture": "#3", "cullface": "down"}
			}
		},
		{
			"from": [2, 5, 7.5],
			"to": [5, 6, 8.5],
			"light_emission": 15,
			"rotation": {"angle": 0, "axis": "y", "origin": [1, 5, 7.5]},
			"faces": {
				"north": {"uv": [5, 10, 2, 11], "texture": "#3", "cullface": "north"},
				"east": {"uv": [4, 10, 5, 11], "texture": "#3", "cullface": "east"},
				"south": {"uv": [2, 10, 5, 11], "texture": "#3", "cullface": "south"},
				"west": {"uv": [2, 10, 3, 11], "texture": "#3", "cullface": "west"},
				"up": {"uv": [2, 10, 5, 11], "texture": "#3", "cullface": "up"},
				"down": {"uv": [2, 10, 5, 11], "texture": "#3", "cullface": "down"}
			}
		},
		{
			"from": [2, 6, 7.5],
			"to": [5, 7, 8.5],
			"light_emission": 15,
			"rotation": {"angle": 0, "axis": "y", "origin": [1, 6, 7.5]},
			"faces": {
				"north": {"uv": [5, 9, 2, 10], "texture": "#3", "cullface": "north"},
				"east": {"uv": [4, 9, 5, 10], "texture": "#3", "cullface": "east"},
				"south": {"uv": [2, 9, 5, 10], "texture": "#3", "cullface": "south"},
				"west": {"uv": [2, 9, 3, 10], "texture": "#3", "cullface": "west"},
				"up": {"uv": [2, 9, 5, 10], "texture": "#3", "cullface": "up"},
				"down": {"uv": [2, 9, 5, 10], "texture": "#3", "cullface": "down"}
			}
		},
		{
			"from": [2, 7, 7.5],
			"to": [5, 8, 8.5],
			"light_emission": 15,
			"rotation": {"angle": 0, "axis": "y", "origin": [1, 7, 7.5]},
			"faces": {
				"north": {"uv": [5, 8, 2, 9], "texture": "#3", "cullface": "north"},
				"east": {"uv": [4, 8, 5, 9], "texture": "#3", "cullface": "east"},
				"south": {"uv": [2, 8, 5, 9], "texture": "#3", "cullface": "south"},
				"west": {"uv": [2, 8, 3, 9], "texture": "#3", "cullface": "west"},
				"up": {"uv": [2, 8, 5, 9], "texture": "#3", "cullface": "up"},
				"down": {"uv": [2, 8, 5, 9], "texture": "#3", "cullface": "down"}
			}
		},
		{
			"from": [3, 8, 7.5],
			"to": [6, 9, 8.5],
			"light_emission": 15,
			"rotation": {"angle": 0, "axis": "y", "origin": [2, 8, 7.5]},
			"faces": {
				"north": {"uv": [6, 7, 3, 8], "texture": "#3", "cullface": "north"},
				"east": {"uv": [5, 7, 6, 8], "texture": "#3", "cullface": "east"},
				"south": {"uv": [3, 7, 6, 8], "texture": "#3", "cullface": "south"},
				"west": {"uv": [3, 7, 4, 8], "texture": "#3", "cullface": "west"},
				"up": {"uv": [3, 7, 6, 8], "texture": "#3", "cullface": "up"},
				"down": {"uv": [3, 7, 6, 8], "texture": "#3", "cullface": "down"}
			}
		},
		{
			"from": [3, 9, 7.5],
			"to": [7, 10, 8.5],
			"light_emission": 15,
			"rotation": {"angle": 0, "axis": "y", "origin": [2, 9, 7.5]},
			"faces": {
				"north": {"uv": [7, 6, 3, 7], "texture": "#3", "cullface": "north"},
				"east": {"uv": [6, 6, 7, 7], "texture": "#3", "cullface": "east"},
				"south": {"uv": [3, 6, 7, 7], "texture": "#3", "cullface": "south"},
				"west": {"uv": [3, 6, 4, 7], "texture": "#3", "cullface": "west"},
				"up": {"uv": [3, 6, 7, 7], "texture": "#3", "cullface": "up"},
				"down": {"uv": [3, 6, 7, 7], "texture": "#3", "cullface": "down"}
			}
		},
		{
			"from": [4, 10, 7.5],
			"to": [8, 11, 8.5],
			"light_emission": 15,
			"rotation": {"angle": 0, "axis": "y", "origin": [3, 10, 7.5]},
			"faces": {
				"north": {"uv": [8, 5, 4, 6], "texture": "#3", "cullface": "north"},
				"east": {"uv": [7, 5, 8, 6], "texture": "#3", "cullface": "east"},
				"south": {"uv": [4, 5, 8, 6], "texture": "#3", "cullface": "south"},
				"west": {"uv": [4, 5, 5, 6], "texture": "#3", "cullface": "west"},
				"up": {"uv": [4, 5, 8, 6], "texture": "#3", "cullface": "up"},
				"down": {"uv": [4, 5, 8, 6], "texture": "#3", "cullface": "down"}
			}
		},
		{
			"from": [5, 11, 7.5],
			"to": [12, 12, 8.5],
			"light_emission": 15,
			"rotation": {"angle": 0, "axis": "y", "origin": [4, 11, 7.5]},
			"faces": {
				"north": {"uv": [12, 4, 5, 5], "texture": "#3", "cullface": "north"},
				"east": {"uv": [11, 4, 12, 5], "texture": "#3", "cullface": "east"},
				"south": {"uv": [5, 4, 12, 5], "texture": "#3", "cullface": "south"},
				"west": {"uv": [5, 4, 6, 5], "texture": "#3", "cullface": "west"},
				"up": {"uv": [5, 4, 12, 5], "texture": "#3", "cullface": "up"},
				"down": {"uv": [5, 4, 12, 5], "texture": "#3", "cullface": "down"}
			}
		},
		{
			"from": [6, 12, 7.5],
			"to": [15, 13, 8.5],
			"light_emission": 15,
			"rotation": {"angle": 0, "axis": "y", "origin": [5, 12, 7.5]},
			"faces": {
				"north": {"uv": [15, 3, 6, 4], "texture": "#3", "cullface": "north"},
				"east": {"uv": [14, 3, 15, 4], "texture": "#3", "cullface": "east"},
				"south": {"uv": [6, 3, 15, 4], "texture": "#3", "cullface": "south"},
				"west": {"uv": [6, 3, 7, 4], "texture": "#3", "cullface": "west"},
				"up": {"uv": [6, 3, 15, 4], "texture": "#3", "cullface": "up"},
				"down": {"uv": [6, 3, 15, 4], "texture": "#3", "cullface": "down"}
			}
		},
		{
			"from": [8, 13, 7.5],
			"to": [16, 14, 8.5],
			"light_emission": 15,
			"rotation": {"angle": 0, "axis": "y", "origin": [7, 13, 7.5]},
			"faces": {
				"north": {"uv": [16, 2, 8, 3], "texture": "#3", "cullface": "north"},
				"east": {"uv": [15, 2, 16, 3], "texture": "#3", "cullface": "east"},
				"south": {"uv": [8, 2, 16, 3], "texture": "#3", "cullface": "south"},
				"west": {"uv": [8, 2, 9, 3], "texture": "#3", "cullface": "west"},
				"up": {"uv": [8, 2, 16, 3], "texture": "#3", "cullface": "up"},
				"down": {"uv": [8, 2, 16, 3], "texture": "#3", "cullface": "down"}
			}
		},
		{
			"from": [12, 14, 7.5],
			"to": [15, 15, 8.5],
			"light_emission": 15,
			"rotation": {"angle": 0, "axis": "y", "origin": [7, 14, 7.5]},
			"faces": {
				"north": {"uv": [15, 1, 12, 2], "texture": "#3", "cullface": "north"},
				"east": {"uv": [14, 1, 15, 2], "texture": "#3", "cullface": "east"},
				"south": {"uv": [12, 1, 15, 2], "texture": "#3", "cullface": "south"},
				"west": {"uv": [12, 1, 13, 2], "texture": "#3", "cullface": "west"},
				"up": {"uv": [12, 1, 15, 2], "texture": "#3", "cullface": "up"},
				"down": {"uv": [12, 1, 15, 2], "texture": "#3", "cullface": "down"}
			}
		},
		{
			"from": [4, 1, 7.5],
			"to": [6, 2, 8.5],
			"light_emission": 15,
			"rotation": {"angle": 0, "axis": "y", "origin": [2, 1, 7.5]},
			"faces": {
				"north": {"uv": [4, 14, 6, 15], "texture": "#3", "cullface": "north"},
				"east": {"uv": [4, 14, 5, 15], "texture": "#3", "cullface": "east"},
				"south": {"uv": [4, 14, 6, 15], "texture": "#3", "cullface": "south"},
				"west": {"uv": [4, 14, 5, 15], "texture": "#3", "cullface": "west"},
				"up": {"uv": [4, 14, 6, 15], "texture": "#3", "cullface": "up"},
				"down": {"uv": [4, 14, 6, 15], "texture": "#3", "cullface": "down"}
			}
		},
		{
			"from": [6, 2, 7.5],
			"to": [8, 3, 8.5],
			"light_emission": 15,
			"rotation": {"angle": 0, "axis": "y", "origin": [4, 2, 7.5]},
			"faces": {
				"north": {"uv": [6, 13, 8, 14], "texture": "#3", "cullface": "north"},
				"east": {"uv": [7, 13, 8, 14], "texture": "#3", "cullface": "east"},
				"south": {"uv": [6, 13, 8, 14], "texture": "#3", "cullface": "south"},
				"west": {"uv": [6, 13, 7, 14], "texture": "#3", "cullface": "west"},
				"up": {"uv": [6, 13, 8, 14], "texture": "#3", "cullface": "up"},
				"down": {"uv": [6, 13, 8, 14], "texture": "#3", "cullface": "down"}
			}
		},
		{
			"from": [10, 4, 7.5],
			"to": [11, 5, 8.5],
			"light_emission": 15,
			"rotation": {"angle": 0, "axis": "y", "origin": [7, 4, 7.5]},
			"faces": {
				"north": {"uv": [10, 11, 11, 12], "texture": "#3", "cullface": "north"},
				"east": {"uv": [10, 11, 11, 12], "texture": "#3", "cullface": "east"},
				"south": {"uv": [10, 11, 11, 12], "texture": "#3", "cullface": "south"},
				"west": {"uv": [10, 11, 11, 12], "texture": "#3", "cullface": "west"},
				"up": {"uv": [10, 11, 11, 12], "texture": "#3", "cullface": "up"},
				"down": {"uv": [10, 11, 11, 12], "texture": "#3", "cullface": "down"}
			}
		},
		{
			"from": [8, 3, 7.5],
			"to": [10, 4, 8.5],
			"light_emission": 15,
			"rotation": {"angle": 0, "axis": "y", "origin": [5, 3, 7.5]},
			"faces": {
				"north": {"uv": [8, 12, 10, 13], "texture": "#3", "cullface": "north"},
				"east": {"uv": [9, 12, 10, 13], "texture": "#3", "cullface": "east"},
				"south": {"uv": [8, 12, 10, 13], "texture": "#3", "cullface": "south"},
				"west": {"uv": [8, 12, 9, 13], "texture": "#3", "cullface": "west"},
				"up": {"uv": [8, 12, 10, 13], "texture": "#3", "cullface": "up"},
				"down": {"uv": [8, 12, 10, 13], "texture": "#3", "cullface": "down"}
			}
		},
		{
			"from": [11, 5, 7.5],
			"to": [12, 6, 8.5],
			"light_emission": 15,
			"rotation": {"angle": 0, "axis": "y", "origin": [9, 5, 7.5]},
			"faces": {
				"north": {"uv": [12, 10, 11, 11], "texture": "#3", "cullface": "north"},
				"east": {"uv": [11, 10, 12, 11], "texture": "#3", "cullface": "east"},
				"south": {"uv": [11, 10, 12, 11], "texture": "#3", "cullface": "south"},
				"west": {"uv": [11, 10, 12, 11], "texture": "#3", "cullface": "west"},
				"up": {"uv": [11, 10, 12, 11], "texture": "#3", "cullface": "up"},
				"down": {"uv": [11, 10, 12, 11], "texture": "#3", "cullface": "down"}
			}
		},
		{
			"from": [12, 7, 7.5],
			"to": [13, 8, 8.5],
			"light_emission": 15,
			"rotation": {"angle": 0, "axis": "y", "origin": [9, 7, 7.5]},
			"faces": {
				"north": {"uv": [12, 8, 13, 9], "texture": "#3", "cullface": "north"},
				"east": {"uv": [12, 8, 13, 9], "texture": "#3", "cullface": "east"},
				"south": {"uv": [12, 8, 13, 9], "texture": "#3", "cullface": "south"},
				"west": {"uv": [12, 8, 13, 9], "texture": "#3", "cullface": "west"},
				"up": {"uv": [12, 8, 13, 9], "texture": "#3", "cullface": "up"},
				"down": {"uv": [12, 8, 13, 9], "texture": "#3", "cullface": "down"}
			}
		},
		{
			"from": [13, 9, 7.5],
			"to": [14, 10, 8.5],
			"light_emission": 15,
			"rotation": {"angle": 0, "axis": "y", "origin": [10, 9, 7.5]},
			"faces": {
				"north": {"uv": [13, 6, 14, 7], "texture": "#3", "cullface": "north"},
				"east": {"uv": [13, 6, 14, 7], "texture": "#3", "cullface": "east"},
				"south": {"uv": [13, 6, 14, 7], "texture": "#3", "cullface": "south"},
				"west": {"uv": [13, 6, 14, 7], "texture": "#3", "cullface": "west"},
				"up": {"uv": [13, 6, 14, 7], "texture": "#3", "cullface": "up"},
				"down": {"uv": [13, 6, 14, 7], "texture": "#3", "cullface": "down"}
			}
		},
		{
			"from": [14, 10, 7.5],
			"to": [15, 11, 8.5],
			"light_emission": 15,
			"rotation": {"angle": 0, "axis": "y", "origin": [11, 10, 7.5]},
			"faces": {
				"north": {"uv": [14, 5, 15, 6], "texture": "#3", "cullface": "north"},
				"east": {"uv": [14, 5, 15, 6], "texture": "#3", "cullface": "east"},
				"south": {"uv": [14, 5, 15, 6], "texture": "#3", "cullface": "south"},
				"west": {"uv": [14, 5, 15, 6], "texture": "#3", "cullface": "west"},
				"up": {"uv": [14, 5, 15, 6], "texture": "#3", "cullface": "up"},
				"down": {"uv": [14, 5, 15, 6], "texture": "#3", "cullface": "down"}
			}
		},
		{
			"from": [13, 8, 7.5],
			"to": [14, 9, 8.5],
			"light_emission": 15,
			"rotation": {"angle": 0, "axis": "y", "origin": [10, 8, 7.5]},
			"faces": {
				"north": {"uv": [13, 7, 14, 8], "texture": "#3", "cullface": "north"},
				"east": {"uv": [13, 7, 14, 8], "texture": "#3", "cullface": "east"},
				"south": {"uv": [13, 7, 14, 8], "texture": "#3", "cullface": "south"},
				"west": {"uv": [13, 7, 14, 8], "texture": "#3", "cullface": "west"},
				"up": {"uv": [13, 7, 14, 8], "texture": "#3", "cullface": "up"},
				"down": {"uv": [13, 7, 14, 8], "texture": "#3", "cullface": "down"}
			}
		},
		{
			"from": [12, 6, 7.5],
			"to": [13, 7, 8.5],
			"light_emission": 15,
			"rotation": {"angle": 0, "axis": "y", "origin": [9, 6, 7.5]},
			"faces": {
				"north": {"uv": [12, 9, 13, 10], "texture": "#3", "cullface": "north"},
				"east": {"uv": [12, 9, 13, 10], "texture": "#3", "cullface": "east"},
				"south": {"uv": [12, 9, 13, 10], "texture": "#3", "cullface": "south"},
				"west": {"uv": [12, 9, 13, 10], "texture": "#3", "cullface": "west"},
				"up": {"uv": [12, 9, 13, 10], "texture": "#3", "cullface": "up"},
				"down": {"uv": [12, 9, 13, 10], "texture": "#3", "cullface": "down"}
			}
		},
		{
			"from": [14, 11, 7.5],
			"to": [15, 12, 8.5],
			"light_emission": 15,
			"rotation": {"angle": 0, "axis": "y", "origin": [12, 11, 7.5]},
			"faces": {
				"north": {"uv": [14, 4, 15, 5], "texture": "#3", "cullface": "south"},
				"east": {"uv": [14, 4, 15, 5], "texture": "#3", "cullface": "south"},
				"south": {"uv": [14, 4, 15, 5], "texture": "#3", "cullface": "south"},
				"west": {"uv": [14, 4, 15, 5], "texture": "#3", "cullface": "south"},
				"up": {"uv": [14, 4, 15, 5], "texture": "#3", "cullface": "south"},
				"down": {"uv": [14, 4, 15, 5], "texture": "#3", "cullface": "south"}
			}
		},
		{
			"from": [5, 9, 8.5],
			"to": [8, 10, 9.5],
			"light_emission": 15,
			"rotation": {"angle": 0, "axis": "y", "origin": [3, 9, 8.5]},
			"faces": {
				"north": {"uv": [8, 6, 5, 7], "texture": "#2", "cullface": "north"},
				"east": {"uv": [7, 6, 8, 7], "texture": "#2", "cullface": "east"},
				"south": {"uv": [5, 6, 8, 7], "texture": "#2", "cullface": "south"},
				"west": {"uv": [5, 6, 6, 7], "texture": "#2", "cullface": "west"},
				"up": {"uv": [5, 6, 8, 7], "texture": "#2", "cullface": "up"},
				"down": {"uv": [5, 6, 8, 7], "texture": "#2", "cullface": "down"}
			}
		},
		{
			"from": [6, 8, 8.5],
			"to": [9, 9, 9.5],
			"light_emission": 15,
			"rotation": {"angle": 0, "axis": "y", "origin": [4, 8, 8.5]},
			"faces": {
				"north": {"uv": [9, 7, 6, 8], "texture": "#2", "cullface": "north"},
				"east": {"uv": [8, 7, 9, 8], "texture": "#2", "cullface": "east"},
				"south": {"uv": [6, 7, 9, 8], "texture": "#2", "cullface": "south"},
				"west": {"uv": [6, 7, 7, 8], "texture": "#2", "cullface": "west"},
				"up": {"uv": [6, 7, 9, 8], "texture": "#2", "cullface": "up"},
				"down": {"uv": [6, 7, 9, 8], "texture": "#2", "cullface": "down"}
			}
		},
		{
			"from": [7, 7, 8.5],
			"to": [10, 8, 9.5],
			"light_emission": 15,
			"rotation": {"angle": 0, "axis": "y", "origin": [5, 7, 8.5]},
			"faces": {
				"north": {"uv": [10, 8, 7, 9], "texture": "#2", "cullface": "north"},
				"east": {"uv": [9, 8, 10, 9], "texture": "#2", "cullface": "east"},
				"south": {"uv": [7, 8, 10, 9], "texture": "#2", "cullface": "south"},
				"west": {"uv": [7, 8, 8, 9], "texture": "#2", "cullface": "west"},
				"up": {"uv": [7, 8, 10, 9], "texture": "#2", "cullface": "up"},
				"down": {"uv": [7, 8, 10, 9], "texture": "#2", "cullface": "down"}
			}
		},
		{
			"from": [9, 3, 8.5],
			"to": [15, 4, 9.5],
			"light_emission": 15,
			"rotation": {"angle": 0, "axis": "y", "origin": [8, 3, 8.5]},
			"faces": {
				"north": {"uv": [15, 12, 9, 13], "texture": "#2", "cullface": "north"},
				"east": {"uv": [14, 12, 15, 13], "texture": "#2", "cullface": "east"},
				"south": {"uv": [9, 12, 15, 13], "texture": "#2", "cullface": "south"},
				"west": {"uv": [9, 12, 10, 13], "texture": "#2", "cullface": "west"},
				"up": {"uv": [9, 12, 15, 13], "texture": "#2", "cullface": "up"},
				"down": {"uv": [9, 12, 15, 13], "texture": "#2", "cullface": "down"}
			}
		},
		{
			"from": [10, 2, 8.5],
			"to": [13, 3, 9.5],
			"light_emission": 15,
			"rotation": {"angle": 0, "axis": "y", "origin": [8, 2, 8.5]},
			"faces": {
				"north": {"uv": [13, 13, 10, 14], "texture": "#2", "cullface": "north"},
				"east": {"uv": [12, 13, 13, 14], "texture": "#2", "cullface": "east"},
				"south": {"uv": [10, 13, 13, 14], "texture": "#2", "cullface": "south"},
				"west": {"uv": [10, 13, 11, 14], "texture": "#2", "cullface": "west"},
				"up": {"uv": [10, 13, 13, 14], "texture": "#2", "cullface": "up"},
				"down": {"uv": [10, 13, 13, 14], "texture": "#2", "cullface": "down"}
			}
		},
		{
			"from": [11, 1, 8.5],
			"to": [13, 2, 9.5],
			"light_emission": 15,
			"rotation": {"angle": 0, "axis": "y", "origin": [8, 1, 8.5]},
			"faces": {
				"north": {"uv": [13, 14, 11, 15], "texture": "#2", "cullface": "north"},
				"east": {"uv": [12, 14, 13, 15], "texture": "#2", "cullface": "east"},
				"south": {"uv": [11, 14, 13, 15], "texture": "#2", "cullface": "south"},
				"west": {"uv": [11, 14, 12, 15], "texture": "#2", "cullface": "west"},
				"up": {"uv": [11, 14, 13, 15], "texture": "#2", "cullface": "up"},
				"down": {"uv": [11, 14, 13, 15], "texture": "#2", "cullface": "down"}
			}
		},
		{
			"from": [3, 9, 8.5],
			"to": [4, 10, 9.5],
			"light_emission": 15,
			"rotation": {"angle": 0, "axis": "y", "origin": [0, 9, 8.5]},
			"faces": {
				"north": {"uv": [4, 6, 3, 7], "texture": "#2", "cullface": "north"},
				"east": {"uv": [3, 6, 4, 7], "texture": "#2", "cullface": "east"},
				"south": {"uv": [3, 6, 4, 7], "texture": "#2", "cullface": "south"},
				"west": {"uv": [3, 6, 4, 7], "texture": "#2", "cullface": "west"},
				"up": {"uv": [3, 6, 4, 7], "texture": "#2", "cullface": "up"},
				"down": {"uv": [3, 6, 4, 7], "texture": "#2", "cullface": "down"}
			}
		},
		{
			"from": [8, 6, 8.5],
			"to": [13, 7, 9.5],
			"light_emission": 15,
			"rotation": {"angle": 0, "axis": "y", "origin": [6, 6, 8.5]},
			"faces": {
				"north": {"uv": [13, 9, 8, 10], "texture": "#2", "cullface": "north"},
				"east": {"uv": [12, 9, 13, 10], "texture": "#2", "cullface": "east"},
				"south": {"uv": [8, 9, 13, 10], "texture": "#2", "cullface": "south"},
				"west": {"uv": [8, 9, 9, 10], "texture": "#2", "cullface": "west"},
				"up": {"uv": [8, 9, 13, 10], "texture": "#2", "cullface": "up"},
				"down": {"uv": [8, 9, 13, 10], "texture": "#2", "cullface": "down"}
			}
		},
		{
			"from": [9, 5, 8.5],
			"to": [14, 6, 9.5],
			"light_emission": 15,
			"rotation": {"angle": 0, "axis": "y", "origin": [7, 5, 8.5]},
			"faces": {
				"north": {"uv": [14, 10, 9, 11], "texture": "#2", "cullface": "north"},
				"east": {"uv": [13, 10, 14, 11], "texture": "#2", "cullface": "east"},
				"south": {"uv": [9, 10, 14, 11], "texture": "#2", "cullface": "south"},
				"west": {"uv": [9, 10, 10, 11], "texture": "#2", "cullface": "west"},
				"up": {"uv": [9, 10, 14, 11], "texture": "#2", "cullface": "up"},
				"down": {"uv": [9, 10, 14, 11], "texture": "#2", "cullface": "down"}
			}
		},
		{
			"from": [9, 4, 8.5],
			"to": [15, 5, 9.5],
			"light_emission": 15,
			"rotation": {"angle": 0, "axis": "y", "origin": [7, 4, 8.5]},
			"faces": {
				"north": {"uv": [15, 11, 9, 12], "texture": "#2", "cullface": "north"},
				"east": {"uv": [14, 11, 15, 12], "texture": "#2", "cullface": "east"},
				"south": {"uv": [9, 11, 15, 12], "texture": "#2", "cullface": "south"},
				"west": {"uv": [9, 11, 10, 12], "texture": "#2", "cullface": "west"},
				"up": {"uv": [9, 11, 15, 12], "texture": "#2", "cullface": "up"},
				"down": {"uv": [9, 11, 15, 12], "texture": "#2", "cullface": "down"}
			}
		},
		{
			"from": [2, 10, 8.5],
			"to": [7, 11, 9.5],
			"light_emission": 15,
			"rotation": {"angle": 0, "axis": "y", "origin": [2, 10, 8.5]},
			"faces": {
				"north": {"uv": [7, 5, 2, 6], "texture": "#2", "cullface": "north"},
				"east": {"uv": [6, 5, 7, 6], "texture": "#2", "cullface": "east"},
				"south": {"uv": [2, 5, 7, 6], "texture": "#2", "cullface": "south"},
				"west": {"uv": [2, 5, 3, 6], "texture": "#2", "cullface": "west"},
				"up": {"uv": [2, 5, 7, 6], "texture": "#2", "cullface": "up"},
				"down": {"uv": [2, 5, 7, 6], "texture": "#2", "cullface": "down"}
			}
		},
		{
			"from": [2, 11, 8.5],
			"to": [6, 12, 9.5],
			"light_emission": 15,
			"rotation": {"angle": 0, "axis": "y", "origin": [2, 11, 8.5]},
			"faces": {
				"north": {"uv": [6, 4, 2, 5], "texture": "#2", "cullface": "north"},
				"east": {"uv": [5, 4, 6, 5], "texture": "#2", "cullface": "east"},
				"south": {"uv": [2, 4, 6, 5], "texture": "#2", "cullface": "south"},
				"west": {"uv": [2, 4, 3, 5], "texture": "#2", "cullface": "west"},
				"up": {"uv": [2, 4, 6, 5], "texture": "#2", "cullface": "up"},
				"down": {"uv": [2, 4, 6, 5], "texture": "#2", "cullface": "down"}
			}
		},
		{
			"from": [1, 12, 8.5],
			"to": [7, 13, 9.5],
			"light_emission": 15,
			"rotation": {"angle": 0, "axis": "y", "origin": [1, 12, 8.5]},
			"faces": {
				"north": {"uv": [7, 3, 1, 4], "texture": "#2", "cullface": "north"},
				"east": {"uv": [6, 3, 7, 4], "texture": "#2", "cullface": "east"},
				"south": {"uv": [1, 3, 7, 4], "texture": "#2", "cullface": "south"},
				"west": {"uv": [1, 3, 2, 4], "texture": "#2", "cullface": "west"},
				"up": {"uv": [1, 3, 7, 4], "texture": "#2", "cullface": "up"},
				"down": {"uv": [1, 3, 7, 4], "texture": "#2", "cullface": "down"}
			}
		},
		{
			"from": [1, 13, 8.5],
			"to": [6, 14, 9.5],
			"light_emission": 15,
			"rotation": {"angle": 0, "axis": "y", "origin": [1, 13, 8.5]},
			"faces": {
				"north": {"uv": [6, 2, 1, 3], "texture": "#2", "cullface": "north"},
				"east": {"uv": [5, 2, 6, 3], "texture": "#2", "cullface": "east"},
				"south": {"uv": [1, 2, 6, 3], "texture": "#2", "cullface": "south"},
				"west": {"uv": [1, 2, 2, 3], "texture": "#2", "cullface": "west"},
				"up": {"uv": [1, 2, 6, 3], "texture": "#2", "cullface": "up"},
				"down": {"uv": [1, 2, 6, 3], "texture": "#2", "cullface": "down"}
			}
		},
		{
			"from": [1, 14, 8.5],
			"to": [4, 15, 9.5],
			"light_emission": 15,
			"rotation": {"angle": 0, "axis": "y", "origin": [1, 14, 8.5]},
			"faces": {
				"north": {"uv": [4, 1, 1, 2], "texture": "#2", "cullface": "north"},
				"east": {"uv": [3, 1, 4, 2], "texture": "#2", "cullface": "east"},
				"south": {"uv": [1, 1, 4, 2], "texture": "#2", "cullface": "south"},
				"west": {"uv": [1, 1, 2, 2], "texture": "#2", "cullface": "west"},
				"up": {"uv": [1, 1, 4, 2], "texture": "#2", "cullface": "up"},
				"down": {"uv": [1, 1, 4, 2], "texture": "#2", "cullface": "down"}
			}
		},
		{
			"from": [1.6, -0.4, 8.9],
			"to": [3.4, 0.6, 7.1],
			"light_emission": 15,
			"rotation": {"angle": 0, "axis": "y", "origin": [12.8, 8.5, 8.85]},
			"faces": {
				"north": {"uv": [16, 0, 0, 16], "texture": "#1", "cullface": "down"},
				"east": {"uv": [16, 0, 0, 16], "texture": "#1", "cullface": "down"},
				"south": {"uv": [16, 0, 0, 16], "texture": "#1", "cullface": "down"},
				"west": {"uv": [16, 0, 0, 16], "texture": "#1", "cullface": "down"},
				"down": {"uv": [16, 0, 0, 16], "texture": "#1", "cullface": "down"}
			}
		},
		{
			"from": [1.6, 0.6, 8.9],
			"to": [3.4, 3.6, 7.1],
			"light_emission": 15,
			"rotation": {"angle": 0, "axis": "y", "origin": [12.8, 9.5, 8.85]},
			"faces": {
				"north": {"uv": [16, 0, 0, 16], "texture": "#1", "cullface": "down"},
				"south": {"uv": [16, 0, 0, 16], "texture": "#1", "cullface": "down"}
			}
		},
		{
			"from": [1.6, 3.6, 8.9],
			"to": [4.4, 4.4, 7.1],
			"light_emission": 15,
			"rotation": {"angle": 0, "axis": "y", "origin": [12.8, 9.5, 8.85]},
			"faces": {
				"north": {"uv": [16, 0, 0, 16], "texture": "#1", "cullface": "down"},
				"south": {"uv": [16, 0, 0, 16], "texture": "#1", "cullface": "down"}
			}
		},
		{
			"from": [2.6, 4.4, 8.9],
			"to": [4.4, 7.6, 7.1],
			"light_emission": 15,
			"rotation": {"angle": 0, "axis": "y", "origin": [12.8, 9.5, 8.85]},
			"faces": {
				"north": {"uv": [16, 0, 0, 16], "texture": "#1", "cullface": "down"},
				"south": {"uv": [16, 0, 0, 16], "texture": "#1", "cullface": "down"}
			}
		},
		{
			"from": [2.6, 7.6, 8.9],
			"to": [5.4, 8.4, 7.1],
			"light_emission": 15,
			"rotation": {"angle": 0, "axis": "y", "origin": [12.8, 9.5, 8.85]},
			"faces": {
				"north": {"uv": [16, 0, 0, 16], "texture": "#1", "cullface": "down"},
				"south": {"uv": [16, 0, 0, 16], "texture": "#1", "cullface": "down"}
			}
		},
		{
			"from": [3.6, 8.4, 8.9],
			"to": [5.4, 8.6, 7.1],
			"light_emission": 15,
			"rotation": {"angle": 0, "axis": "y", "origin": [12.8, 9.5, 8.85]},
			"faces": {
				"north": {"uv": [16, 0, 0, 16], "texture": "#1", "cullface": "down"},
				"south": {"uv": [16, 0, 0, 16], "texture": "#1", "cullface": "down"}
			}
		},
		{
			"from": [3.6, 8.6, 8.9],
			"to": [6.4, 9.6, 7.1],
			"light_emission": 15,
			"rotation": {"angle": 0, "axis": "y", "origin": [12.8, 9.5, 8.85]},
			"faces": {
				"north": {"uv": [16, 0, 0, 16], "texture": "#1", "cullface": "down"},
				"south": {"uv": [16, 0, 0, 16], "texture": "#1", "cullface": "down"}
			}
		},
		{
			"from": [3.6, 9.6, 8.9],
			"to": [7.4, 10.4, 7.1],
			"light_emission": 15,
			"rotation": {"angle": 0, "axis": "y", "origin": [12.8, 10.5, 8.85]},
			"faces": {
				"north": {"uv": [16, 0, 0, 16], "texture": "#1", "cullface": "down"},
				"south": {"uv": [16, 0, 0, 16], "texture": "#1", "cullface": "down"}
			}
		},
		{
			"from": [4.6, 10.4, 8.9],
			"to": [7.4, 10.6, 7.1],
			"light_emission": 15,
			"rotation": {"angle": 0, "axis": "y", "origin": [12.8, 10.5, 8.85]},
			"faces": {
				"north": {"uv": [16, 0, 0, 16], "texture": "#1", "cullface": "down"},
				"south": {"uv": [16, 0, 0, 16], "texture": "#1", "cullface": "down"}
			}
		},
		{
			"from": [4.6, 10.6, 8.9],
			"to": [8.4, 11.4, 7.1],
			"light_emission": 15,
			"rotation": {"angle": 0, "axis": "y", "origin": [12.8, 10.5, 8.85]},
			"faces": {
				"north": {"uv": [16, 0, 0, 16], "texture": "#1", "cullface": "down"},
				"south": {"uv": [16, 0, 0, 16], "texture": "#1", "cullface": "down"}
			}
		},
		{
			"from": [5.6, 11.4, 8.9],
			"to": [8.4, 11.6, 7.1],
			"light_emission": 15,
			"rotation": {"angle": 0, "axis": "y", "origin": [12.8, 10.5, 8.85]},
			"faces": {
				"north": {"uv": [16, 0, 0, 16], "texture": "#1", "cullface": "down"},
				"south": {"uv": [16, 0, 0, 16], "texture": "#1", "cullface": "down"}
			}
		},
		{
			"from": [5.6, 11.6, 8.9],
			"to": [12.4, 12.4, 7.1],
			"light_emission": 15,
			"rotation": {"angle": 0, "axis": "y", "origin": [12.8, 10.5, 8.85]},
			"faces": {
				"north": {"uv": [16, 0, 0, 16], "texture": "#1", "cullface": "down"},
				"south": {"uv": [16, 0, 0, 16], "texture": "#1", "cullface": "down"}
			}
		},
		{
			"from": [7.6, 12.4, 8.9],
			"to": [12.4, 12.6, 7.1],
			"light_emission": 15,
			"rotation": {"angle": 0, "axis": "y", "origin": [12.8, 10.5, 8.85]},
			"faces": {
				"north": {"uv": [16, 0, 0, 16], "texture": "#1", "cullface": "down"},
				"south": {"uv": [16, 0, 0, 16], "texture": "#1", "cullface": "down"}
			}
		},
		{
			"from": [7.6, 12.6, 8.9],
			"to": [15.4, 13.4, 7.1],
			"light_emission": 15,
			"rotation": {"angle": 0, "axis": "y", "origin": [12.8, 10.5, 8.85]},
			"faces": {
				"north": {"uv": [16, 0, 0, 16], "texture": "#1", "cullface": "down"},
				"south": {"uv": [16, 0, 0, 16], "texture": "#1", "cullface": "down"}
			}
		},
		{
			"from": [11.6, 13.4, 8.9],
			"to": [15.4, 14.4, 7.1],
			"light_emission": 15,
			"rotation": {"angle": 0, "axis": "y", "origin": [12.8, 10.5, 8.85]},
			"faces": {
				"north": {"uv": [16, 0, 0, 16], "texture": "#1", "cullface": "down"},
				"south": {"uv": [16, 0, 0, 16], "texture": "#1", "cullface": "down"}
			}
		},
		{
			"from": [0.6, 0.6, 8.9],
			"to": [1.6, 4.4, 7.1],
			"light_emission": 15,
			"rotation": {"angle": 0, "axis": "y", "origin": [11, 13.3, 8.85]},
			"faces": {
				"north": {"uv": [16, 0, 0, 16], "texture": "#1", "cullface": "down"},
				"south": {"uv": [16, 0, 0, 16], "texture": "#1", "cullface": "down"},
				"west": {"uv": [16, 0, 0, 16], "texture": "#1", "cullface": "down"},
				"up": {"uv": [16, 0, 0, 16], "texture": "#1", "cullface": "down"},
				"down": {"uv": [16, 0, 0, 16], "texture": "#1", "cullface": "down"}
			}
		},
		{
			"from": [1.6, 4.4, 8.9],
			"to": [2.6, 8.4, 7.1],
			"light_emission": 15,
			"rotation": {"angle": 0, "axis": "y", "origin": [12, 16.3, 8.85]},
			"faces": {
				"north": {"uv": [16, 0, 0, 16], "texture": "#1", "cullface": "down"},
				"south": {"uv": [16, 0, 0, 16], "texture": "#1", "cullface": "down"},
				"west": {"uv": [16, 0, 0, 16], "texture": "#1", "cullface": "down"},
				"up": {"uv": [16, 0, 0, 16], "texture": "#1", "cullface": "down"}
			}
		},
		{
			"from": [2.6, 8.4, 8.9],
			"to": [3.6, 10.4, 7.1],
			"light_emission": 15,
			"rotation": {"angle": 0, "axis": "y", "origin": [13, 18.3, 8.85]},
			"faces": {
				"north": {"uv": [16, 0, 0, 16], "texture": "#1", "cullface": "down"},
				"south": {"uv": [16, 0, 0, 16], "texture": "#1", "cullface": "down"},
				"west": {"uv": [16, 0, 0, 16], "texture": "#1", "cullface": "down"},
				"up": {"uv": [16, 0, 0, 16], "texture": "#1", "cullface": "down"}
			}
		},
		{
			"from": [3.6, 10.4, 8.9],
			"to": [4.6, 11.4, 7.1],
			"light_emission": 15,
			"rotation": {"angle": 0, "axis": "y", "origin": [14, 19.3, 8.85]},
			"faces": {
				"north": {"uv": [16, 0, 0, 16], "texture": "#1", "cullface": "down"},
				"south": {"uv": [16, 0, 0, 16], "texture": "#1", "cullface": "down"},
				"west": {"uv": [16, 0, 0, 16], "texture": "#1", "cullface": "down"},
				"up": {"uv": [16, 0, 0, 16], "texture": "#1", "cullface": "down"}
			}
		},
		{
			"from": [5.6, 12.4, 8.9],
			"to": [7.6, 13.4, 7.1],
			"light_emission": 15,
			"rotation": {"angle": 0, "axis": "y", "origin": [16, 21.3, 8.85]},
			"faces": {
				"north": {"uv": [16, 0, 0, 16], "texture": "#1", "cullface": "down"},
				"south": {"uv": [16, 0, 0, 16], "texture": "#1", "cullface": "down"},
				"west": {"uv": [16, 0, 0, 16], "texture": "#1", "cullface": "down"},
				"up": {"uv": [16, 0, 0, 16], "texture": "#1", "cullface": "down"}
			}
		},
		{
			"from": [7.6, 13.4, 8.9],
			"to": [11.6, 14.4, 7.1],
			"light_emission": 15,
			"rotation": {"angle": 0, "axis": "y", "origin": [18, 22.3, 8.85]},
			"faces": {
				"north": {"uv": [16, 0, 0, 16], "texture": "#1", "cullface": "down"},
				"south": {"uv": [16, 0, 0, 16], "texture": "#1", "cullface": "down"},
				"west": {"uv": [16, 0, 0, 16], "texture": "#1", "cullface": "down"},
				"up": {"uv": [16, 0, 0, 16], "texture": "#1", "cullface": "down"}
			}
		},
		{
			"from": [11.6, 14.4, 8.9],
			"to": [15.4, 15.4, 7.1],
			"light_emission": 15,
			"rotation": {"angle": 0, "axis": "y", "origin": [21, 23.3, 8.85]},
			"faces": {
				"north": {"uv": [16, 0, 0, 16], "texture": "#1", "cullface": "down"},
				"east": {"uv": [16, 0, 0, 16], "texture": "#1", "cullface": "down"},
				"south": {"uv": [16, 0, 0, 16], "texture": "#1", "cullface": "down"},
				"west": {"uv": [16, 0, 0, 16], "texture": "#1", "cullface": "down"},
				"up": {"uv": [16, 0, 0, 16], "texture": "#1", "cullface": "down"}
			}
		},
		{
			"from": [4.4, 3.6, 8.9],
			"to": [5.4, 7.6, 7.1],
			"light_emission": 15,
			"rotation": {"angle": 0, "axis": "y", "origin": [14.8, 13.5, 8.85]},
			"faces": {
				"north": {"uv": [16, 0, 0, 16], "texture": "#1", "cullface": "down"},
				"east": {"uv": [16, 0, 0, 16], "texture": "#1", "cullface": "down"},
				"south": {"uv": [16, 0, 0, 16], "texture": "#1", "cullface": "down"},
				"down": {"uv": [16, 0, 0, 16], "texture": "#1", "cullface": "down"}
			}
		},
		{
			"from": [5.4, 7.6, 8.9],
			"to": [6.4, 8.6, 7.1],
			"light_emission": 15,
			"rotation": {"angle": 0, "axis": "y", "origin": [15.8, 16.5, 8.85]},
			"faces": {
				"north": {"uv": [16, 0, 0, 16], "texture": "#1", "cullface": "down"},
				"east": {"uv": [16, 0, 0, 16], "texture": "#1", "cullface": "down"},
				"south": {"uv": [16, 0, 0, 16], "texture": "#1", "cullface": "down"},
				"down": {"uv": [16, 0, 0, 16], "texture": "#1", "cullface": "down"}
			}
		},
		{
			"from": [3.4, 2.4, 8.9],
			"to": [4.4, 3.6, 7.1],
			"light_emission": 15,
			"rotation": {"angle": 0, "axis": "y", "origin": [13.8, 11.5, 8.85]},
			"faces": {
				"north": {"uv": [16, 0, 0, 16], "texture": "#1", "cullface": "down"},
				"east": {"uv": [16, 0, 0, 16], "texture": "#1", "cullface": "down"},
				"south": {"uv": [16, 0, 0, 16], "texture": "#1", "cullface": "down"}
			}
		},
		{
			"from": [13.6, 9.6, 8.9],
			"to": [14.4, 10.4, 7.1],
			"light_emission": 15,
			"rotation": {"angle": 0, "axis": "y", "origin": [23.6, 19.7, 8.85]},
			"faces": {
				"north": {"uv": [16, 0, 0, 16], "texture": "#1", "cullface": "down"},
				"south": {"uv": [16, 0, 0, 16], "texture": "#1", "cullface": "down"}
			}
		},
		{
			"from": [4.4, 1.6, 8.9],
			"to": [5.6, 2.4, 7.1],
			"light_emission": 15,
			"rotation": {"angle": 0, "axis": "y", "origin": [14.6, 10.7, 8.85]},
			"faces": {
				"north": {"uv": [16, 0, 0, 16], "texture": "#1", "cullface": "down"},
				"south": {"uv": [16, 0, 0, 16], "texture": "#1", "cullface": "down"},
				"up": {"uv": [16, 0, 0, 16], "texture": "#1", "cullface": "down"}
			}
		},
		{
			"from": [3.4, 1.6, 8.9],
			"to": [4.4, 2.4, 7.1],
			"light_emission": 15,
			"rotation": {"angle": 0, "axis": "y", "origin": [13.6, 10.7, 8.85]},
			"faces": {
				"north": {"uv": [16, 0, 0, 16], "texture": "#1", "cullface": "down"},
				"south": {"uv": [16, 0, 0, 16], "texture": "#1", "cullface": "down"}
			}
		},
		{
			"from": [12.6, 8.4, 8.9],
			"to": [13.4, 10.4, 7.1],
			"light_emission": 15,
			"rotation": {"angle": 0, "axis": "y", "origin": [22.6, 19.7, 8.85]},
			"faces": {
				"north": {"uv": [16, 0, 0, 16], "texture": "#1", "cullface": "down"},
				"south": {"uv": [16, 0, 0, 16], "texture": "#1", "cullface": "down"},
				"west": {"uv": [16, 0, 0, 16], "texture": "#1", "cullface": "down"},
				"up": {"uv": [16, 0, 0, 16], "texture": "#1", "cullface": "down"}
			}
		},
		{
			"from": [13.6, 11.6, 8.9],
			"to": [14.4, 12.6, 7.1],
			"light_emission": 15,
			"rotation": {"angle": 0, "axis": "y", "origin": [23.6, 20.7, 8.85]},
			"faces": {
				"north": {"uv": [16, 0, 0, 16], "texture": "#1", "cullface": "down"},
				"south": {"uv": [16, 0, 0, 16], "texture": "#1", "cullface": "down"}
			}
		},
		{
			"from": [12.4, 11.6, 8.9],
			"to": [13.6, 12.6, 7.1],
			"light_emission": 15,
			"rotation": {"angle": 0, "axis": "y", "origin": [21.8, 20.5, 8.85]},
			"faces": {
				"north": {"uv": [16, 0, 0, 16], "texture": "#1", "cullface": "down"},
				"south": {"uv": [16, 0, 0, 16], "texture": "#1", "cullface": "down"},
				"down": {"uv": [16, 0, 0, 16], "texture": "#1", "cullface": "down"}
			}
		},
		{
			"from": [7.4, 9.6, 8.9],
			"to": [8.4, 10.6, 7.1],
			"light_emission": 15,
			"rotation": {"angle": 0, "axis": "y", "origin": [17.8, 18.5, 8.85]},
			"faces": {
				"north": {"uv": [16, 0, 0, 16], "texture": "#1", "cullface": "down"},
				"east": {"uv": [16, 0, 0, 16], "texture": "#1", "cullface": "down"},
				"south": {"uv": [16, 0, 0, 16], "texture": "#1", "cullface": "down"},
				"down": {"uv": [16, 0, 0, 16], "texture": "#1", "cullface": "down"}
			}
		},
		{
			"from": [8.4, 10.6, 8.9],
			"to": [12.4, 11.6, 7.1],
			"light_emission": 15,
			"rotation": {"angle": 0, "axis": "y", "origin": [20.8, 19.5, 8.85]},
			"faces": {
				"north": {"uv": [16, 0, 0, 16], "texture": "#1", "cullface": "down"},
				"east": {"uv": [16, 0, 0, 16], "texture": "#1", "cullface": "down"},
				"south": {"uv": [16, 0, 0, 16], "texture": "#1", "cullface": "down"},
				"down": {"uv": [16, 0, 0, 16], "texture": "#1", "cullface": "down"}
			}
		},
		{
			"from": [15.4, 12.6, 8.9],
			"to": [16.4, 14.4, 7.1],
			"light_emission": 15,
			"rotation": {"angle": 0, "axis": "y", "origin": [25.8, 21.5, 8.85]},
			"faces": {
				"north": {"uv": [16, 0, 0, 16], "texture": "#1", "cullface": "down"},
				"east": {"uv": [16, 0, 0, 16], "texture": "#1", "cullface": "down"},
				"south": {"uv": [16, 0, 0, 16], "texture": "#1", "cullface": "down"},
				"up": {"uv": [16, 0, 0, 16], "texture": "#1", "cullface": "down"},
				"down": {"uv": [16, 0, 0, 16], "texture": "#1", "cullface": "down"}
			}
		},
		{
			"from": [7.6, 3.4, 8.9],
			"to": [8.4, 4.4, 7.1],
			"light_emission": 15,
			"rotation": {"angle": 0, "axis": "y", "origin": [17.6, 12.7, 8.85]},
			"faces": {
				"north": {"uv": [16, 0, 0, 16], "texture": "#1", "cullface": "down"},
				"south": {"uv": [16, 0, 0, 16], "texture": "#1", "cullface": "down"},
				"west": {"uv": [16, 0, 0, 16], "texture": "#1", "cullface": "down"},
				"up": {"uv": [16, 0, 0, 16], "texture": "#1", "cullface": "down"}
			}
		},
		{
			"from": [6.4, 2.6, 8.9],
			"to": [7.6, 3.4, 7.1],
			"light_emission": 15,
			"rotation": {"angle": 0, "axis": "y", "origin": [16.6, 11.7, 8.85]},
			"faces": {
				"north": {"uv": [16, 0, 0, 16], "texture": "#1", "cullface": "down"},
				"south": {"uv": [16, 0, 0, 16], "texture": "#1", "cullface": "down"},
				"up": {"uv": [16, 0, 0, 16], "texture": "#1", "cullface": "down"}
			}
		},
		{
			"from": [7.6, 2.6, 8.9],
			"to": [8.4, 3.4, 7.1],
			"light_emission": 15,
			"rotation": {"angle": 0, "axis": "y", "origin": [17.6, 11.7, 8.85]},
			"faces": {
				"north": {"uv": [16, 0, 0, 16], "texture": "#1", "cullface": "down"},
				"south": {"uv": [16, 0, 0, 16], "texture": "#1", "cullface": "down"}
			}
		},
		{
			"from": [6.4, 1.6, 8.9],
			"to": [8.4, 2.6, 7.1],
			"light_emission": 15,
			"rotation": {"angle": 0, "axis": "y", "origin": [17.6, 10.7, 8.85]},
			"faces": {
				"north": {"uv": [16, 0, 0, 16], "texture": "#1", "cullface": "down"},
				"east": {"uv": [16, 0, 0, 16], "texture": "#1", "cullface": "down"},
				"south": {"uv": [16, 0, 0, 16], "texture": "#1", "cullface": "down"},
				"down": {"uv": [16, 0, 0, 16], "texture": "#1", "cullface": "down"}
			}
		},
		{
			"from": [8.4, 3.6, 8.9],
			"to": [9.6, 4.4, 7.1],
			"light_emission": 15,
			"rotation": {"angle": 0, "axis": "y", "origin": [18.6, 12.7, 8.85]},
			"faces": {
				"north": {"uv": [16, 0, 0, 16], "texture": "#1", "cullface": "down"},
				"south": {"uv": [16, 0, 0, 16], "texture": "#1", "cullface": "down"},
				"up": {"uv": [16, 0, 0, 16], "texture": "#1", "cullface": "down"}
			}
		},
		{
			"from": [5.6, 2.4, 8.9],
			"to": [6.4, 3.4, 7.1],
			"light_emission": 15,
			"rotation": {"angle": 0, "axis": "y", "origin": [15.6, 11.7, 8.85]},
			"faces": {
				"north": {"uv": [16, 0, 0, 16], "texture": "#1", "cullface": "down"},
				"south": {"uv": [16, 0, 0, 16], "texture": "#1", "cullface": "down"},
				"west": {"uv": [16, 0, 0, 16], "texture": "#1", "cullface": "down"},
				"up": {"uv": [16, 0, 0, 16], "texture": "#1", "cullface": "down"}
			}
		},
		{
			"from": [3.4, 0.6, 8.9],
			"to": [6.4, 1.6, 7.1],
			"light_emission": 15,
			"rotation": {"angle": 0, "axis": "y", "origin": [15.6, 9.7, 8.85]},
			"faces": {
				"north": {"uv": [16, 0, 0, 16], "texture": "#1", "cullface": "down"},
				"east": {"uv": [16, 0, 0, 16], "texture": "#1", "cullface": "down"},
				"south": {"uv": [16, 0, 0, 16], "texture": "#1", "cullface": "down"},
				"down": {"uv": [16, 0, 0, 16], "texture": "#1", "cullface": "down"}
			}
		},
		{
			"from": [12.6, 7.6, 8.9],
			"to": [13.4, 8.4, 7.1],
			"light_emission": 15,
			"rotation": {"angle": 0, "axis": "y", "origin": [22.6, 16.7, 8.85]},
			"faces": {
				"north": {"uv": [16, 0, 0, 16], "texture": "#1", "cullface": "down"},
				"south": {"uv": [16, 0, 0, 16], "texture": "#1", "cullface": "down"}
			}
		},
		{
			"from": [12.4, 7.6, 8.9],
			"to": [12.6, 8.4, 7.1],
			"light_emission": 15,
			"rotation": {"angle": 0, "axis": "y", "origin": [22.4, 16.7, 8.85]},
			"faces": {
				"north": {"uv": [16, 0, 0, 16], "texture": "#1", "cullface": "down"},
				"south": {"uv": [16, 0, 0, 16], "texture": "#1", "cullface": "down"},
				"up": {"uv": [16, 0, 0, 16], "texture": "#1", "cullface": "down"}
			}
		},
		{
			"from": [11.4, 5.6, 8.9],
			"to": [11.6, 6.4, 7.1],
			"light_emission": 15,
			"rotation": {"angle": 0, "axis": "y", "origin": [21.4, 14.7, 8.85]},
			"faces": {
				"north": {"uv": [16, 0, 0, 16], "texture": "#1", "cullface": "down"},
				"south": {"uv": [16, 0, 0, 16], "texture": "#1", "cullface": "down"},
				"up": {"uv": [16, 0, 0, 16], "texture": "#1", "cullface": "down"}
			}
		},
		{
			"from": [13.6, 10.4, 8.9],
			"to": [14.4, 11.6, 7.1],
			"light_emission": 15,
			"rotation": {"angle": 0, "axis": "y", "origin": [23.6, 19.7, 8.85]},
			"faces": {
				"north": {"uv": [16, 0, 0, 16], "texture": "#1", "cullface": "down"},
				"south": {"uv": [16, 0, 0, 16], "texture": "#1", "cullface": "down"},
				"west": {"uv": [16, 0, 0, 16], "texture": "#1", "cullface": "down"}
			}
		},
		{
			"from": [13.4, 9.6, 8.9],
			"to": [13.6, 10.4, 7.1],
			"light_emission": 15,
			"rotation": {"angle": 0, "axis": "y", "origin": [23.4, 18.7, 8.85]},
			"faces": {
				"north": {"uv": [16, 0, 0, 16], "texture": "#1", "cullface": "down"},
				"south": {"uv": [16, 0, 0, 16], "texture": "#1", "cullface": "down"},
				"up": {"uv": [16, 0, 0, 16], "texture": "#1", "cullface": "down"}
			}
		},
		{
			"from": [5.6, 1.6, 8.9],
			"to": [6.4, 2.4, 7.1],
			"light_emission": 15,
			"rotation": {"angle": 0, "axis": "y", "origin": [15.6, 10.7, 8.85]},
			"faces": {
				"north": {"uv": [16, 0, 0, 16], "texture": "#1", "cullface": "down"},
				"south": {"uv": [16, 0, 0, 16], "texture": "#1", "cullface": "down"}
			}
		},
		{
			"from": [11.6, 5.6, 8.9],
			"to": [12.4, 6.4, 7.1],
			"light_emission": 15,
			"rotation": {"angle": 0, "axis": "y", "origin": [21.6, 14.7, 8.85]},
			"faces": {
				"north": {"uv": [16, 0, 0, 16], "texture": "#1", "cullface": "down"},
				"south": {"uv": [16, 0, 0, 16], "texture": "#1", "cullface": "down"}
			}
		},
		{
			"from": [10.4, 4.6, 8.9],
			"to": [10.6, 5.4, 7.1],
			"light_emission": 15,
			"rotation": {"angle": 0, "axis": "y", "origin": [20.4, 13.7, 8.85]},
			"faces": {
				"north": {"uv": [16, 0, 0, 16], "texture": "#1", "cullface": "down"},
				"south": {"uv": [16, 0, 0, 16], "texture": "#1", "cullface": "down"},
				"up": {"uv": [16, 0, 0, 16], "texture": "#1", "cullface": "down"}
			}
		},
		{
			"from": [10.6, 5.4, 8.9],
			"to": [11.4, 6.4, 7.1],
			"light_emission": 15,
			"rotation": {"angle": 0, "axis": "y", "origin": [20.6, 14.7, 8.85]},
			"faces": {
				"north": {"uv": [16, 0, 0, 16], "texture": "#1", "cullface": "down"},
				"south": {"uv": [16, 0, 0, 16], "texture": "#1", "cullface": "down"},
				"west": {"uv": [16, 0, 0, 16], "texture": "#1", "cullface": "down"},
				"up": {"uv": [16, 0, 0, 16], "texture": "#1", "cullface": "down"}
			}
		},
		{
			"from": [11.6, 6.4, 8.9],
			"to": [12.4, 8.4, 7.1],
			"light_emission": 15,
			"rotation": {"angle": 0, "axis": "y", "origin": [21.6, 16.7, 8.85]},
			"faces": {
				"north": {"uv": [16, 0, 0, 16], "texture": "#1", "cullface": "down"},
				"south": {"uv": [16, 0, 0, 16], "texture": "#1", "cullface": "down"},
				"west": {"uv": [16, 0, 0, 16], "texture": "#1", "cullface": "down"},
				"up": {"uv": [16, 0, 0, 16], "texture": "#1", "cullface": "down"}
			}
		},
		{
			"from": [9.6, 4.4, 8.9],
			"to": [10.4, 5.4, 7.1],
			"light_emission": 15,
			"rotation": {"angle": 0, "axis": "y", "origin": [19.6, 13.7, 8.85]},
			"faces": {
				"north": {"uv": [16, 0, 0, 16], "texture": "#1", "cullface": "down"},
				"south": {"uv": [16, 0, 0, 16], "texture": "#1", "cullface": "down"},
				"west": {"uv": [16, 0, 0, 16], "texture": "#1", "cullface": "down"},
				"up": {"uv": [16, 0, 0, 16], "texture": "#1", "cullface": "down"}
			}
		},
		{
			"from": [4.6, 11.4, 8.9],
			"to": [5.6, 12.4, 7.1],
			"light_emission": 15,
			"rotation": {"angle": 0, "axis": "y", "origin": [14.6, 20.7, 8.85]},
			"faces": {
				"north": {"uv": [16, 0, 0, 16], "texture": "#1", "cullface": "down"},
				"south": {"uv": [16, 0, 0, 16], "texture": "#1", "cullface": "down"},
				"west": {"uv": [16, 0, 0, 16], "texture": "#1", "cullface": "down"},
				"up": {"uv": [16, 0, 0, 16], "texture": "#1", "cullface": "down"}
			}
		},
		{
			"from": [6.4, 8.6, 8.9],
			"to": [7.4, 9.6, 7.1],
			"light_emission": 15,
			"rotation": {"angle": 0, "axis": "y", "origin": [16.6, 17.7, 8.85]},
			"faces": {
				"north": {"uv": [16, 0, 0, 16], "texture": "#1", "cullface": "down"},
				"east": {"uv": [16, 0, 0, 16], "texture": "#1", "cullface": "down"},
				"south": {"uv": [16, 0, 0, 16], "texture": "#1", "cullface": "down"},
				"down": {"uv": [16, 0, 0, 16], "texture": "#1", "cullface": "down"}
			}
		},
		{
			"from": [12.4, 5.6, 8.9],
			"to": [13.4, 7.6, 7.1],
			"light_emission": 15,
			"rotation": {"angle": 0, "axis": "y", "origin": [22.6, 14.7, 8.85]},
			"faces": {
				"north": {"uv": [16, 0, 0, 16], "texture": "#1", "cullface": "down"},
				"east": {"uv": [16, 0, 0, 16], "texture": "#1", "cullface": "down"},
				"south": {"uv": [16, 0, 0, 16], "texture": "#1", "cullface": "down"},
				"down": {"uv": [16, 0, 0, 16], "texture": "#1", "cullface": "down"}
			}
		},
		{
			"from": [11.4, 4.6, 8.9],
			"to": [12.4, 5.6, 7.1],
			"light_emission": 15,
			"rotation": {"angle": 0, "axis": "y", "origin": [21.6, 13.7, 8.85]},
			"faces": {
				"north": {"uv": [16, 0, 0, 16], "texture": "#1", "cullface": "down"},
				"east": {"uv": [16, 0, 0, 16], "texture": "#1", "cullface": "down"},
				"south": {"uv": [16, 0, 0, 16], "texture": "#1", "cullface": "down"},
				"down": {"uv": [16, 0, 0, 16], "texture": "#1", "cullface": "down"}
			}
		},
		{
			"from": [13.4, 7.6, 8.9],
			"to": [14.4, 9.6, 7.1],
			"light_emission": 15,
			"rotation": {"angle": 0, "axis": "y", "origin": [23.6, 16.7, 8.85]},
			"faces": {
				"north": {"uv": [16, 0, 0, 16], "texture": "#1", "cullface": "down"},
				"east": {"uv": [16, 0, 0, 16], "texture": "#1", "cullface": "down"},
				"south": {"uv": [16, 0, 0, 16], "texture": "#1", "cullface": "down"},
				"down": {"uv": [16, 0, 0, 16], "texture": "#1", "cullface": "down"}
			}
		},
		{
			"from": [14.4, 9.6, 8.9],
			"to": [15.4, 12.6, 7.1],
			"light_emission": 15,
			"rotation": {"angle": 0, "axis": "y", "origin": [24.6, 18.7, 8.85]},
			"faces": {
				"north": {"uv": [16, 0, 0, 16], "texture": "#1", "cullface": "down"},
				"east": {"uv": [16, 0, 0, 16], "texture": "#1", "cullface": "down"},
				"south": {"uv": [16, 0, 0, 16], "texture": "#1", "cullface": "down"},
				"down": {"uv": [16, 0, 0, 16], "texture": "#1", "cullface": "down"}
			}
		},
		{
			"from": [10.6, 4.6, 8.9],
			"to": [11.4, 5.4, 7.1],
			"light_emission": 15,
			"rotation": {"angle": 0, "axis": "y", "origin": [20.6, 13.7, 8.85]},
			"faces": {
				"north": {"uv": [16, 0, 0, 16], "texture": "#1", "cullface": "down"},
				"south": {"uv": [16, 0, 0, 16], "texture": "#1", "cullface": "down"}
			}
		},
		{
			"from": [10.4, 3.6, 8.9],
			"to": [11.4, 4.6, 7.1],
			"light_emission": 15,
			"rotation": {"angle": 0, "axis": "y", "origin": [20.6, 12.7, 8.85]},
			"faces": {
				"north": {"uv": [16, 0, 0, 16], "texture": "#1", "cullface": "down"},
				"east": {"uv": [16, 0, 0, 16], "texture": "#1", "cullface": "down"},
				"south": {"uv": [16, 0, 0, 16], "texture": "#1", "cullface": "down"},
				"down": {"uv": [16, 0, 0, 16], "texture": "#1", "cullface": "down"}
			}
		},
		{
			"from": [9.6, 3.6, 8.9],
			"to": [10.4, 4.4, 7.1],
			"light_emission": 15,
			"rotation": {"angle": 0, "axis": "y", "origin": [19.6, 12.7, 8.85]},
			"faces": {
				"north": {"uv": [16, 0, 0, 16], "texture": "#1", "cullface": "down"},
				"south": {"uv": [16, 0, 0, 16], "texture": "#1", "cullface": "down"}
			}
		},
		{
			"from": [8.4, 2.6, 8.9],
			"to": [10.4, 3.6, 7.1],
			"light_emission": 15,
			"rotation": {"angle": 0, "axis": "y", "origin": [19.6, 11.7, 8.85]},
			"faces": {
				"north": {"uv": [16, 0, 0, 16], "texture": "#1", "cullface": "down"},
				"east": {"uv": [16, 0, 0, 16], "texture": "#1", "cullface": "down"},
				"south": {"uv": [16, 0, 0, 16], "texture": "#1", "cullface": "down"},
				"down": {"uv": [16, 0, 0, 16], "texture": "#1", "cullface": "down"}
			}
		}
	],
	"gui_light": "front",
	"display": {
		"thirdperson_righthand": {
			"rotation": [-80, -100, -40],
			"translation": [-1, -2, 2.5],
			"scale": [0.9, 0.9, 0.9]
		},
		"thirdperson_lefthand": {
			"rotation": [-80, 80, 40],
			"translation": [-1, -2, 2.5],
			"scale": [0.9, 0.9, 0.9]
		},
		"firstperson_righthand": {
			"rotation": [0, -90, 25],
			"translation": [1.13, 3.2, 1.13],
			"scale": [0.68, 0.68, 0.68]
		},
		"firstperson_lefthand": {
			"rotation": [-115, -90, 0],
			"translation": [1.13, 3.2, 1.13],
			"scale": [0.68, 0.68, 0.68]
		},
		"ground": {
			"translation": [0, 2, 0],
			"scale": [0.5, 0.5, 0.5]
		},
		"fixed": {
			"rotation": [0, -180, 0]
		}
	},
	"groups": [
		{
			"name": "model",
			"origin": [3, 6, 7.5],
			"color": 0,
			"children": [0, 1, 2, 3, 4, 5, 6, 7, 8, 9, 10, 11, 12, 13, 14, 15, 16, 17, 18, 19, 20, 21, 22, 23, 24, 25]
		},
		{
			"name": "arrow",
			"origin": [0, 0, 0],
			"color": 0,
			"children": [26, 27, 28, 29, 30, 31, 32, 33, 34, 35, 36, 37, 38, 39, 40]
		},
		{
			"name": "enchant_glint",
			"origin": [0, 0, 0],
			"color": 0,
			"children": [
				41,
				42,
				43,
				44,
				45,
				46,
				47,
				48,
				49,
				50,
				51,
				52,
				53,
				54,
				55,
				56,
				57,
				58,
				59,
				60,
				61,
				62,
				63,
				64,
				65,
				66,
				67,
				68,
				69,
				70,
				71,
				72,
				73,
				74,
				75,
				76,
				77,
				78,
				79,
				80,
				81,
				82,
				83,
				84,
				85,
				86,
				87,
				88,
				89,
				90,
				91,
				92,
				93,
				94,
				95,
				96,
				97,
				98,
				99,
				100,
				101,
				102
			]
		}
	]
}