{
	"format_version": "1.21.6",
	"credit": "Made with Blockbench",
	"texture_size": [32, 32],
	"textures": {
		"particle": "#spear"
	},
	"elements": [
		{
			"from": [14.5, 0.5, 7.5],
			"to": [16, 1, 8.5],
			"light_emission": 15,
			"rotation": {"angle": 0, "axis": "y", "origin": [14, 0.5, 7]},
			"faces": {
				"north": {"uv": [16, 15, 14.5, 15.5], "texture": "#spear"},
				"east": {"uv": [15.5, 15, 16, 15.5], "texture": "#spear"},
				"south": {"uv": [14.5, 15, 16, 15.5], "texture": "#spear"},
				"west": {"uv": [14.5, 15, 15, 15.5], "texture": "#spear"},
				"up": {"uv": [14.5, 15, 16, 15.5], "texture": "#spear"},
				"down": {"uv": [14.5, 15, 16, 15.5], "texture": "#spear"}
			}
		},
		{
			"from": [14, 1, 7.5],
			"to": [15.5, 1.5, 8.5],
			"light_emission": 15,
			"rotation": {"angle": 0, "axis": "y", "origin": [13.5, 1, 7]},
			"faces": {
				"north": {"uv": [15.5, 14.5, 14, 15], "texture": "#spear"},
				"east": {"uv": [15, 14.5, 15.5, 15], "texture": "#spear"},
				"south": {"uv": [14, 14.5, 15.5, 15], "texture": "#spear"},
				"west": {"uv": [14, 14.5, 14.5, 15], "texture": "#spear"},
				"up": {"uv": [14, 14.5, 15.5, 15], "texture": "#spear"},
				"down": {"uv": [14, 14.5, 15.5, 15], "texture": "#spear"}
			}
		},
		{
			"from": [13.5, 1.5, 7.5],
			"to": [15, 2, 8.5],
			"light_emission": 15,
			"rotation": {"angle": 0, "axis": "y", "origin": [13, 1.5, 7]},
			"faces": {
				"north": {"uv": [15, 14, 13.5, 14.5], "texture": "#spear"},
				"east": {"uv": [14.5, 14, 15, 14.5], "texture": "#spear"},
				"south": {"uv": [13.5, 14, 15, 14.5], "texture": "#spear"},
				"west": {"uv": [13.5, 14, 14, 14.5], "texture": "#spear"},
				"up": {"uv": [13.5, 14, 15, 14.5], "texture": "#spear"},
				"down": {"uv": [13.5, 14, 15, 14.5], "texture": "#spear"}
			}
		},
		{
			"from": [13, 2, 7.5],
			"to": [14.5, 2.5, 8.5],
			"light_emission": 15,
			"rotation": {"angle": 0, "axis": "y", "origin": [12.5, 2, 7]},
			"faces": {
				"north": {"uv": [14.5, 13.5, 13, 14], "texture": "#spear"},
				"east": {"uv": [14, 13.5, 14.5, 14], "texture": "#spear"},
				"south": {"uv": [13, 13.5, 14.5, 14], "texture": "#spear"},
				"west": {"uv": [13, 13.5, 13.5, 14], "texture": "#spear"},
				"up": {"uv": [13, 13.5, 14.5, 14], "texture": "#spear"},
				"down": {"uv": [13, 13.5, 14.5, 14], "texture": "#spear"}
			}
		},
		{
			"from": [12.5, 2.5, 7.5],
			"to": [14, 3, 8.5],
			"light_emission": 15,
			"rotation": {"angle": 0, "axis": "y", "origin": [12, 2.5, 7]},
			"faces": {
				"north": {"uv": [14, 13, 12.5, 13.5], "texture": "#spear"},
				"east": {"uv": [13.5, 13, 14, 13.5], "texture": "#spear"},
				"south": {"uv": [12.5, 13, 14, 13.5], "texture": "#spear"},
				"west": {"uv": [12.5, 13, 13, 13.5], "texture": "#spear"},
				"up": {"uv": [12.5, 13, 14, 13.5], "texture": "#spear"},
				"down": {"uv": [12.5, 13, 14, 13.5], "texture": "#spear"}
			}
		},
		{
			"from": [12, 3, 7.5],
			"to": [13.5, 3.5, 8.5],
			"light_emission": 15,
			"rotation": {"angle": 0, "axis": "y", "origin": [11.5, 3, 7]},
			"faces": {
				"north": {"uv": [13.5, 12.5, 12, 13], "texture": "#spear"},
				"east": {"uv": [13, 12.5, 13.5, 13], "texture": "#spear"},
				"south": {"uv": [12, 12.5, 13.5, 13], "texture": "#spear"},
				"west": {"uv": [12, 12.5, 12.5, 13], "texture": "#spear"},
				"up": {"uv": [12, 12.5, 13.5, 13], "texture": "#spear"},
				"down": {"uv": [12, 12.5, 13.5, 13], "texture": "#spear"}
			}
		},
		{
			"from": [11.5, 3.5, 7.5],
			"to": [13, 4, 8.5],
			"light_emission": 15,
			"rotation": {"angle": 0, "axis": "y", "origin": [11, 3.5, 7]},
			"faces": {
				"north": {"uv": [13, 12, 11.5, 12.5], "texture": "#spear"},
				"east": {"uv": [12.5, 12, 13, 12.5], "texture": "#spear"},
				"south": {"uv": [11.5, 12, 13, 12.5], "texture": "#spear"},
				"west": {"uv": [11.5, 12, 12, 12.5], "texture": "#spear"},
				"up": {"uv": [11.5, 12, 13, 12.5], "texture": "#spear"},
				"down": {"uv": [11.5, 12, 13, 12.5], "texture": "#spear"}
			}
		},
		{
			"from": [11, 4, 7.5],
			"to": [12.5, 4.5, 8.5],
			"light_emission": 15,
			"rotation": {"angle": 0, "axis": "y", "origin": [10.5, 4, 7]},
			"faces": {
				"north": {"uv": [12.5, 11.5, 11, 12], "texture": "#spear"},
				"east": {"uv": [12, 11.5, 12.5, 12], "texture": "#spear"},
				"south": {"uv": [11, 11.5, 12.5, 12], "texture": "#spear"},
				"west": {"uv": [11, 11.5, 11.5, 12], "texture": "#spear"},
				"up": {"uv": [11, 11.5, 12.5, 12], "texture": "#spear"},
				"down": {"uv": [11, 11.5, 12.5, 12], "texture": "#spear"}
			}
		},
		{
			"from": [10.5, 4.5, 7.5],
			"to": [12, 5, 8.5],
			"light_emission": 15,
			"rotation": {"angle": 0, "axis": "y", "origin": [10, 4.5, 7]},
			"faces": {
				"north": {"uv": [12, 11, 10.5, 11.5], "texture": "#spear"},
				"east": {"uv": [11.5, 11, 12, 11.5], "texture": "#spear"},
				"south": {"uv": [10.5, 11, 12, 11.5], "texture": "#spear"},
				"west": {"uv": [10.5, 11, 11, 11.5], "texture": "#spear"},
				"up": {"uv": [10.5, 11, 12, 11.5], "texture": "#spear"},
				"down": {"uv": [10.5, 11, 12, 11.5], "texture": "#spear"}
			}
		},
		{
			"from": [10, 5, 7.5],
			"to": [11.5, 5.5, 8.5],
			"light_emission": 15,
			"rotation": {"angle": 0, "axis": "y", "origin": [9.5, 5, 7]},
			"faces": {
				"north": {"uv": [11.5, 10.5, 10, 11], "texture": "#spear"},
				"east": {"uv": [11, 10.5, 11.5, 11], "texture": "#spear"},
				"south": {"uv": [10, 10.5, 11.5, 11], "texture": "#spear"},
				"west": {"uv": [10, 10.5, 10.5, 11], "texture": "#spear"},
				"up": {"uv": [10, 10.5, 11.5, 11], "texture": "#spear"},
				"down": {"uv": [10, 10.5, 11.5, 11], "texture": "#spear"}
			}
		},
		{
			"from": [9.5, 5.5, 7.5],
			"to": [11, 6, 8.5],
			"light_emission": 15,
			"rotation": {"angle": 0, "axis": "y", "origin": [9, 5.5, 7]},
			"faces": {
				"north": {"uv": [11, 10, 9.5, 10.5], "texture": "#spear"},
				"east": {"uv": [10.5, 10, 11, 10.5], "texture": "#spear"},
				"south": {"uv": [9.5, 10, 11, 10.5], "texture": "#spear"},
				"west": {"uv": [9.5, 10, 10, 10.5], "texture": "#spear"},
				"up": {"uv": [9.5, 10, 11, 10.5], "texture": "#spear"},
				"down": {"uv": [9.5, 10, 11, 10.5], "texture": "#spear"}
			}
		},
		{
			"name": "cubee",
			"from": [9, 6, 7.5],
			"to": [10.5, 6.5, 8.5],
			"light_emission": 15,
			"rotation": {"angle": 0, "axis": "y", "origin": [8.5, 6, 7]},
			"faces": {
				"north": {"uv": [10.5, 9.5, 9, 10], "texture": "#spear"},
				"east": {"uv": [10, 9.5, 10.5, 10], "texture": "#spear"},
				"south": {"uv": [9, 9.5, 10.5, 10], "texture": "#spear"},
				"west": {"uv": [9, 9.5, 9.5, 10], "texture": "#spear"},
				"up": {"uv": [9, 9.5, 10.5, 10], "texture": "#spear"},
				"down": {"uv": [9, 9.5, 10.5, 10], "texture": "#spear"}
			}
		},
		{
			"from": [8.5, 6.5, 7.5],
			"to": [10, 7, 8.5],
			"light_emission": 15,
			"rotation": {"angle": 0, "axis": "y", "origin": [8, 6.5, 7]},
			"faces": {
				"north": {"uv": [10, 9, 8.5, 9.5], "texture": "#spear"},
				"east": {"uv": [9.5, 9, 10, 9.5], "texture": "#spear"},
				"south": {"uv": [8.5, 9, 10, 9.5], "texture": "#spear"},
				"west": {"uv": [8.5, 9, 9, 9.5], "texture": "#spear"},
				"up": {"uv": [8.5, 9, 10, 9.5], "texture": "#spear"},
				"down": {"uv": [8.5, 9, 10, 9.5], "texture": "#spear"}
			}
		},
		{
			"from": [8, 7, 7.5],
			"to": [9.5, 7.5, 8.5],
			"light_emission": 15,
			"rotation": {"angle": 0, "axis": "y", "origin": [7.5, 7, 7]},
			"faces": {
				"north": {"uv": [9.5, 8.5, 8, 9], "texture": "#spear"},
				"east": {"uv": [9, 8.5, 9.5, 9], "texture": "#spear"},
				"south": {"uv": [8, 8.5, 9.5, 9], "texture": "#spear"},
				"west": {"uv": [8, 8.5, 8.5, 9], "texture": "#spear"},
				"up": {"uv": [8, 8.5, 9.5, 9], "texture": "#spear"},
				"down": {"uv": [8, 8.5, 9.5, 9], "texture": "#spear"}
			}
		},
		{
			"from": [7.5, 7.5, 7.5],
			"to": [9, 8, 8.5],
			"light_emission": 15,
			"rotation": {"angle": 0, "axis": "y", "origin": [7, 7.5, 7]},
			"faces": {
				"north": {"uv": [9, 8, 7.5, 8.5], "texture": "#spear"},
				"east": {"uv": [8.5, 8, 9, 8.5], "texture": "#spear"},
				"south": {"uv": [7.5, 8, 9, 8.5], "texture": "#spear"},
				"west": {"uv": [7.5, 8, 8, 8.5], "texture": "#spear"},
				"up": {"uv": [7.5, 8, 9, 8.5], "texture": "#spear"},
				"down": {"uv": [7.5, 8, 9, 8.5], "texture": "#spear"}
			}
		},
		{
			"from": [7, 8, 7.5],
			"to": [8.5, 8.5, 8.5],
			"light_emission": 15,
			"rotation": {"angle": 0, "axis": "y", "origin": [6.5, 8, 7]},
			"faces": {
				"north": {"uv": [8.5, 7.5, 7, 8], "texture": "#spear"},
				"east": {"uv": [8, 7.5, 8.5, 8], "texture": "#spear"},
				"south": {"uv": [7, 7.5, 8.5, 8], "texture": "#spear"},
				"west": {"uv": [7, 7.5, 7.5, 8], "texture": "#spear"},
				"up": {"uv": [7, 7.5, 8.5, 8], "texture": "#spear"},
				"down": {"uv": [7, 7.5, 8.5, 8], "texture": "#spear"}
			}
		},
		{
			"from": [6.5, 8.5, 7.5],
			"to": [8, 9, 8.5],
			"light_emission": 15,
			"rotation": {"angle": 0, "axis": "y", "origin": [6, 8.5, 7]},
			"faces": {
				"north": {"uv": [8, 7, 6.5, 7.5], "texture": "#spear"},
				"east": {"uv": [7.5, 7, 8, 7.5], "texture": "#spear"},
				"south": {"uv": [6.5, 7, 8, 7.5], "texture": "#spear"},
				"west": {"uv": [6.5, 7, 7, 7.5], "texture": "#spear"},
				"up": {"uv": [6.5, 7, 8, 7.5], "texture": "#spear"},
				"down": {"uv": [6.5, 7, 8, 7.5], "texture": "#spear"}
			}
		},
		{
			"from": [6, 9, 7.5],
			"to": [7.5, 9.5, 8.5],
			"light_emission": 15,
			"rotation": {"angle": 0, "axis": "y", "origin": [5.5, 9, 7]},
			"faces": {
				"north": {"uv": [7.5, 6.5, 6, 7], "texture": "#spear"},
				"east": {"uv": [7, 6.5, 7.5, 7], "texture": "#spear"},
				"south": {"uv": [6, 6.5, 7.5, 7], "texture": "#spear"},
				"west": {"uv": [6, 6.5, 6.5, 7], "texture": "#spear"},
				"up": {"uv": [6, 6.5, 7.5, 7], "texture": "#spear"},
				"down": {"uv": [6, 6.5, 7.5, 7], "texture": "#spear"}
			}
		},
		{
			"from": [5.5, 9.5, 7.5],
			"to": [7, 10, 8.5],
			"light_emission": 15,
			"rotation": {"angle": 0, "axis": "y", "origin": [5, 9.5, 7]},
			"faces": {
				"north": {"uv": [7, 6, 5.5, 6.5], "texture": "#spear"},
				"east": {"uv": [6.5, 6, 7, 6.5], "texture": "#spear"},
				"south": {"uv": [5.5, 6, 7, 6.5], "texture": "#spear"},
				"west": {"uv": [5.5, 6, 6, 6.5], "texture": "#spear"},
				"up": {"uv": [5.5, 6, 7, 6.5], "texture": "#spear"},
				"down": {"uv": [5.5, 6, 7, 6.5], "texture": "#spear"}
			}
		},
		{
			"from": [5, 10, 7.5],
			"to": [6.5, 10.5, 8.5],
			"light_emission": 15,
			"rotation": {"angle": 0, "axis": "y", "origin": [4.5, 10, 7]},
			"faces": {
				"north": {"uv": [6.5, 5.5, 5, 6], "texture": "#spear"},
				"east": {"uv": [6, 5.5, 6.5, 6], "texture": "#spear"},
				"south": {"uv": [5, 5.5, 6.5, 6], "texture": "#spear"},
				"west": {"uv": [5, 5.5, 5.5, 6], "texture": "#spear"},
				"up": {"uv": [5, 5.5, 6.5, 6], "texture": "#spear"},
				"down": {"uv": [5, 5.5, 6.5, 6], "texture": "#spear"}
			}
		},
		{
			"from": [4.5, 10.5, 7.5],
			"to": [6, 11, 8.5],
			"light_emission": 15,
			"rotation": {"angle": 0, "axis": "y", "origin": [4, 10.5, 7]},
			"faces": {
				"north": {"uv": [6, 5, 4.5, 5.5], "texture": "#spear"},
				"east": {"uv": [5.5, 5, 6, 5.5], "texture": "#spear"},
				"south": {"uv": [4.5, 5, 6, 5.5], "texture": "#spear"},
				"west": {"uv": [4.5, 5, 5, 5.5], "texture": "#spear"},
				"up": {"uv": [4.5, 5, 6, 5.5], "texture": "#spear"},
				"down": {"uv": [4.5, 5, 6, 5.5], "texture": "#spear"}
			}
		},
		{
			"from": [4, 11, 7.5],
			"to": [5.5, 11.5, 8.5],
			"light_emission": 15,
			"rotation": {"angle": 0, "axis": "y", "origin": [3.5, 11, 7]},
			"faces": {
				"north": {"uv": [5.5, 4.5, 4, 5], "texture": "#spear"},
				"east": {"uv": [5, 4.5, 5.5, 5], "texture": "#spear"},
				"south": {"uv": [4, 4.5, 5.5, 5], "texture": "#spear"},
				"west": {"uv": [4, 4.5, 4.5, 5], "texture": "#spear"},
				"up": {"uv": [4, 4.5, 5.5, 5], "texture": "#spear"},
				"down": {"uv": [4, 4.5, 5.5, 5], "texture": "#spear"}
			}
		},
		{
			"from": [3.5, 11.5, 7.5],
			"to": [5, 12, 8.5],
			"light_emission": 15,
			"rotation": {"angle": 0, "axis": "y", "origin": [3, 11.5, 7]},
			"faces": {
				"north": {"uv": [5, 4, 3.5, 4.5], "texture": "#spear"},
				"east": {"uv": [4.5, 4, 5, 4.5], "texture": "#spear"},
				"south": {"uv": [3.5, 4, 5, 4.5], "texture": "#spear"},
				"west": {"uv": [3.5, 4, 4, 4.5], "texture": "#spear"},
				"up": {"uv": [3.5, 4, 5, 4.5], "texture": "#spear"},
				"down": {"uv": [3.5, 4, 5, 4.5], "texture": "#spear"}
			}
		},
		{
			"from": [1.5, 11.5, 7.5],
			"to": [2.5, 12, 8.5],
			"light_emission": 15,
			"rotation": {"angle": 0, "axis": "y", "origin": [1, 11.5, 7]},
			"faces": {
				"north": {"uv": [2.5, 4, 1.5, 4.5], "texture": "#spear"},
				"east": {"uv": [2, 4, 2.5, 4.5], "texture": "#spear"},
				"south": {"uv": [1.5, 4, 2.5, 4.5], "texture": "#spear"},
				"west": {"uv": [1.5, 4, 2, 4.5], "texture": "#spear"},
				"up": {"uv": [1.5, 4, 2.5, 4.5], "texture": "#spear"},
				"down": {"uv": [1.5, 4, 2.5, 4.5], "texture": "#spear"}
			}
		},
		{
			"from": [1.5, 12, 7.5],
			"to": [4.5, 12.5, 8.5],
			"light_emission": 15,
			"rotation": {"angle": 0, "axis": "y", "origin": [2.5, 12, 7]},
			"faces": {
				"north": {"uv": [4.5, 3.5, 1.5, 4], "texture": "#spear"},
				"east": {"uv": [4, 3.5, 4.5, 4], "texture": "#spear"},
				"south": {"uv": [1.5, 3.5, 4.5, 4], "texture": "#spear"},
				"west": {"uv": [1.5, 3.5, 2, 4], "texture": "#spear"},
				"up": {"uv": [1.5, 3.5, 4.5, 4], "texture": "#spear"},
				"down": {"uv": [1.5, 3.5, 4.5, 4], "texture": "#spear"}
			}
		},
		{
			"from": [1, 12.5, 7.5],
			"to": [4, 13, 8.5],
			"light_emission": 15,
			"rotation": {"angle": 0, "axis": "y", "origin": [2, 12.5, 7]},
			"faces": {
				"north": {"uv": [4, 3, 1, 3.5], "texture": "#spear"},
				"east": {"uv": [3.5, 3, 4, 3.5], "texture": "#spear"},
				"south": {"uv": [1, 3, 4, 3.5], "texture": "#spear"},
				"west": {"uv": [1, 3, 1.5, 3.5], "texture": "#spear"},
				"up": {"uv": [1, 3, 4, 3.5], "texture": "#spear"},
				"down": {"uv": [1, 3, 4, 3.5], "texture": "#spear"}
			}
		},
		{
			"from": [1, 13, 7.5],
			"to": [4, 13.5, 8.5],
			"light_emission": 15,
			"rotation": {"angle": 0, "axis": "y", "origin": [2, 13, 7]},
			"faces": {
				"north": {"uv": [4, 2.5, 1, 3], "texture": "#spear"},
				"east": {"uv": [3.5, 2.5, 4, 3], "texture": "#spear"},
				"south": {"uv": [1, 2.5, 4, 3], "texture": "#spear"},
				"west": {"uv": [1, 2.5, 1.5, 3], "texture": "#spear"},
				"up": {"uv": [1, 2.5, 4, 3], "texture": "#spear"},
				"down": {"uv": [1, 2.5, 4, 3], "texture": "#spear"}
			}
		},
		{
			"from": [0.5, 13.5, 7.5],
			"to": [4.5, 14, 8.5],
			"light_emission": 15,
			"rotation": {"angle": 0, "axis": "y", "origin": [2, 13.5, 7]},
			"faces": {
				"north": {"uv": [4.5, 2, 0.5, 2.5], "texture": "#spear"},
				"east": {"uv": [4, 2, 4.5, 2.5], "texture": "#spear"},
				"south": {"uv": [0.5, 2, 4.5, 2.5], "texture": "#spear"},
				"west": {"uv": [0.5, 2, 1, 2.5], "texture": "#spear"},
				"up": {"uv": [0.5, 2, 4.5, 2.5], "texture": "#spear"},
				"down": {"uv": [0.5, 2, 4.5, 2.5], "texture": "#spear"}
			}
		},
		{
			"from": [0.5, 14, 7.5],
			"to": [4.5, 14.5, 8.5],
			"light_emission": 15,
			"rotation": {"angle": 0, "axis": "y", "origin": [2, 14, 7]},
			"faces": {
				"north": {"uv": [4.5, 1.5, 0.5, 2], "texture": "#spear"},
				"east": {"uv": [4, 1.5, 4.5, 2], "texture": "#spear"},
				"south": {"uv": [0.5, 1.5, 4.5, 2], "texture": "#spear"},
				"west": {"uv": [0.5, 1.5, 1, 2], "texture": "#spear"},
				"up": {"uv": [0.5, 1.5, 4.5, 2], "texture": "#spear"},
				"down": {"uv": [0.5, 1.5, 4.5, 2], "texture": "#spear"}
			}
		},
		{
			"from": [0, 14.5, 7.5],
			"to": [3.5, 15, 8.5],
			"light_emission": 15,
			"rotation": {"angle": 0, "axis": "y", "origin": [1, 14.5, 7]},
			"faces": {
				"north": {"uv": [3.5, 1, 0, 1.5], "texture": "#spear"},
				"east": {"uv": [3, 1, 3.5, 1.5], "texture": "#spear"},
				"south": {"uv": [0, 1, 3.5, 1.5], "texture": "#spear"},
				"west": {"uv": [0, 1, 0.5, 1.5], "texture": "#spear"},
				"up": {"uv": [0, 1, 3.5, 1.5], "texture": "#spear"},
				"down": {"uv": [0, 1, 3.5, 1.5], "texture": "#spear"}
			}
		},
		{
			"from": [0, 15, 7.5],
			"to": [2.5, 15.5, 8.5],
			"light_emission": 15,
			"rotation": {"angle": 0, "axis": "y", "origin": [1, 15, 7]},
			"faces": {
				"north": {"uv": [2.5, 0.5, 0, 1], "texture": "#spear"},
				"east": {"uv": [2, 0.5, 2.5, 1], "texture": "#spear"},
				"south": {"uv": [0, 0.5, 2.5, 1], "texture": "#spear"},
				"west": {"uv": [0, 0.5, 0.5, 1], "texture": "#spear"},
				"up": {"uv": [0, 0.5, 2.5, 1], "texture": "#spear"},
				"down": {"uv": [0, 0.5, 2.5, 1], "texture": "#spear"}
			}
		},
		{
			"from": [0, 15.5, 7.5],
			"to": [1.5, 16, 8.5],
			"light_emission": 15,
			"rotation": {"angle": 0, "axis": "y", "origin": [1, 15.5, 7]},
			"faces": {
				"north": {"uv": [1.5, 0, 0, 0.5], "texture": "#spear"},
				"east": {"uv": [1, 0, 1.5, 0.5], "texture": "#spear"},
				"south": {"uv": [0, 0, 1.5, 0.5], "texture": "#spear"},
				"west": {"uv": [0, 0, 0.5, 0.5], "texture": "#spear"},
				"up": {"uv": [0, 0, 1.5, 0.5], "texture": "#spear"},
				"down": {"uv": [0, 0, 1.5, 0.5], "texture": "#spear"}
			}
		},
		{
			"from": [15, 0, 7.5],
			"to": [16, 0.5, 8.5],
			"light_emission": 15,
			"rotation": {"angle": 0, "axis": "y", "origin": [14, 0, 7]},
			"faces": {
				"north": {"uv": [16, 15.5, 15, 16], "texture": "#spear"},
				"east": {"uv": [15.5, 15.5, 16, 16], "texture": "#spear"},
				"south": {"uv": [15, 15.5, 16, 16], "texture": "#spear"},
				"west": {"uv": [15, 15.5, 15.5, 16], "texture": "#spear"},
				"up": {"uv": [15, 15.5, 16, 16], "texture": "#spear"},
				"down": {"uv": [15, 15.5, 16, 16], "texture": "#spear"}
			}
		},
		{
			"from": [14.8, -0.2, 8.7],
			"to": [15.3, 0.3, 7.3],
			"light_emission": 15,
			"rotation": {"angle": 0, "axis": "y", "origin": [25.7, 10.1, 8.65]},
			"faces": {
				"north": {"uv": [8, 0, 0, 8], "texture": "#glint", "cullface": "north"},
				"south": {"uv": [8, 0, 0, 8], "texture": "#glint", "cullface": "north"},
				"west": {"uv": [8, 0, 0, 8], "texture": "#glint", "cullface": "north"},
				"down": {"uv": [8, 0, 0, 8], "texture": "#glint", "cullface": "north"}
			}
		},
		{
			"from": [14.8, 0.3, 8.7],
			"to": [15.3, 0.7, 7.3],
			"light_emission": 15,
			"rotation": {"angle": 0, "axis": "y", "origin": [25.7, 10.6, 8.65]},
			"faces": {
				"north": {"uv": [8, 0, 0, 8], "texture": "#glint", "cullface": "north"},
				"south": {"uv": [8, 0, 0, 8], "texture": "#glint", "cullface": "north"}
			}
		},
		{
			"from": [14.8, 0.7, 8.7],
			"to": [15.7, 0.8, 7.3],
			"light_emission": 15,
			"rotation": {"angle": 0, "axis": "y", "origin": [25.7, 11, 8.65]},
			"faces": {
				"north": {"uv": [8, 0, 0, 8], "texture": "#glint", "cullface": "north"},
				"south": {"uv": [8, 0, 0, 8], "texture": "#glint", "cullface": "north"}
			}
		},
		{
			"from": [14.3, 0.8, 8.7],
			"to": [15.7, 1.2, 7.3],
			"light_emission": 15,
			"rotation": {"angle": 0, "axis": "y", "origin": [25.7, 11.1, 8.65]},
			"faces": {
				"north": {"uv": [8, 0, 0, 8], "texture": "#glint", "cullface": "north"},
				"south": {"uv": [8, 0, 0, 8], "texture": "#glint", "cullface": "north"}
			}
		},
		{
			"from": [14.3, 1.2, 8.7],
			"to": [15.2, 1.3, 7.3],
			"light_emission": 15,
			"rotation": {"angle": 0, "axis": "y", "origin": [25.2, 11.5, 8.65]},
			"faces": {
				"north": {"uv": [8, 0, 0, 8], "texture": "#glint", "cullface": "north"},
				"south": {"uv": [8, 0, 0, 8], "texture": "#glint", "cullface": "north"}
			}
		},
		{
			"from": [13.8, 1.3, 8.7],
			"to": [15.2, 1.7, 7.3],
			"light_emission": 15,
			"rotation": {"angle": 0, "axis": "y", "origin": [25.2, 11.6, 8.65]},
			"faces": {
				"north": {"uv": [8, 0, 0, 8], "texture": "#glint", "cullface": "north"},
				"south": {"uv": [8, 0, 0, 8], "texture": "#glint", "cullface": "north"}
			}
		},
		{
			"from": [13.8, 1.7, 8.7],
			"to": [14.7, 1.8, 7.3],
			"light_emission": 15,
			"rotation": {"angle": 0, "axis": "y", "origin": [24.7, 12, 8.65]},
			"faces": {
				"north": {"uv": [8, 0, 0, 8], "texture": "#glint", "cullface": "north"},
				"south": {"uv": [8, 0, 0, 8], "texture": "#glint", "cullface": "north"}
			}
		},
		{
			"from": [13.3, 1.8, 8.7],
			"to": [14.7, 2.2, 7.3],
			"light_emission": 15,
			"rotation": {"angle": 0, "axis": "y", "origin": [24.7, 12.1, 8.65]},
			"faces": {
				"north": {"uv": [8, 0, 0, 8], "texture": "#glint", "cullface": "north"},
				"south": {"uv": [8, 0, 0, 8], "texture": "#glint", "cullface": "north"}
			}
		},
		{
			"from": [13.3, 2.2, 8.7],
			"to": [14.2, 2.3, 7.3],
			"light_emission": 15,
			"rotation": {"angle": 0, "axis": "y", "origin": [24.2, 12.5, 8.65]},
			"faces": {
				"north": {"uv": [8, 0, 0, 8], "texture": "#glint", "cullface": "north"},
				"south": {"uv": [8, 0, 0, 8], "texture": "#glint", "cullface": "north"}
			}
		},
		{
			"from": [12.8, 2.3, 8.7],
			"to": [14.2, 2.7, 7.3],
			"light_emission": 15,
			"rotation": {"angle": 0, "axis": "y", "origin": [24.2, 12.6, 8.65]},
			"faces": {
				"north": {"uv": [8, 0, 0, 8], "texture": "#glint", "cullface": "north"},
				"south": {"uv": [8, 0, 0, 8], "texture": "#glint", "cullface": "north"}
			}
		},
		{
			"from": [12.8, 2.7, 8.7],
			"to": [13.7, 2.8, 7.3],
			"light_emission": 15,
			"rotation": {"angle": 0, "axis": "y", "origin": [23.7, 13, 8.65]},
			"faces": {
				"north": {"uv": [8, 0, 0, 8], "texture": "#glint", "cullface": "north"},
				"south": {"uv": [8, 0, 0, 8], "texture": "#glint", "cullface": "north"}
			}
		},
		{
			"from": [12.3, 2.8, 8.7],
			"to": [13.7, 3.2, 7.3],
			"light_emission": 15,
			"rotation": {"angle": 0, "axis": "y", "origin": [23.7, 13.1, 8.65]},
			"faces": {
				"north": {"uv": [8, 0, 0, 8], "texture": "#glint", "cullface": "north"},
				"south": {"uv": [8, 0, 0, 8], "texture": "#glint", "cullface": "north"}
			}
		},
		{
			"from": [12.3, 3.2, 8.7],
			"to": [13.2, 3.3, 7.3],
			"light_emission": 15,
			"rotation": {"angle": 0, "axis": "y", "origin": [23.2, 13.5, 8.65]},
			"faces": {
				"north": {"uv": [8, 0, 0, 8], "texture": "#glint", "cullface": "north"},
				"south": {"uv": [8, 0, 0, 8], "texture": "#glint", "cullface": "north"}
			}
		},
		{
			"from": [11.8, 3.3, 8.7],
			"to": [13.2, 3.7, 7.3],
			"light_emission": 15,
			"rotation": {"angle": 0, "axis": "y", "origin": [23.2, 13.6, 8.65]},
			"faces": {
				"north": {"uv": [8, 0, 0, 8], "texture": "#glint", "cullface": "north"},
				"south": {"uv": [8, 0, 0, 8], "texture": "#glint", "cullface": "north"}
			}
		},
		{
			"from": [11.8, 3.7, 8.7],
			"to": [12.7, 3.8, 7.3],
			"light_emission": 15,
			"rotation": {"angle": 0, "axis": "y", "origin": [22.7, 14, 8.65]},
			"faces": {
				"north": {"uv": [8, 0, 0, 8], "texture": "#glint", "cullface": "north"},
				"south": {"uv": [8, 0, 0, 8], "texture": "#glint", "cullface": "north"}
			}
		},
		{
			"from": [11.3, 3.8, 8.7],
			"to": [12.7, 4.2, 7.3],
			"light_emission": 15,
			"rotation": {"angle": 0, "axis": "y", "origin": [22.7, 14.1, 8.65]},
			"faces": {
				"north": {"uv": [8, 0, 0, 8], "texture": "#glint", "cullface": "north"},
				"south": {"uv": [8, 0, 0, 8], "texture": "#glint", "cullface": "north"}
			}
		},
		{
			"from": [11.3, 4.2, 8.7],
			"to": [12.2, 4.3, 7.3],
			"light_emission": 15,
			"rotation": {"angle": 0, "axis": "y", "origin": [22.2, 14.5, 8.65]},
			"faces": {
				"north": {"uv": [8, 0, 0, 8], "texture": "#glint", "cullface": "north"},
				"south": {"uv": [8, 0, 0, 8], "texture": "#glint", "cullface": "north"}
			}
		},
		{
			"from": [10.8, 4.3, 8.7],
			"to": [12.2, 4.7, 7.3],
			"light_emission": 15,
			"rotation": {"angle": 0, "axis": "y", "origin": [22.2, 14.6, 8.65]},
			"faces": {
				"north": {"uv": [8, 0, 0, 8], "texture": "#glint", "cullface": "north"},
				"south": {"uv": [8, 0, 0, 8], "texture": "#glint", "cullface": "north"}
			}
		},
		{
			"from": [10.8, 4.7, 8.7],
			"to": [11.7, 4.8, 7.3],
			"light_emission": 15,
			"rotation": {"angle": 0, "axis": "y", "origin": [21.7, 15, 8.65]},
			"faces": {
				"north": {"uv": [8, 0, 0, 8], "texture": "#glint", "cullface": "north"},
				"south": {"uv": [8, 0, 0, 8], "texture": "#glint", "cullface": "north"}
			}
		},
		{
			"from": [10.3, 4.8, 8.7],
			"to": [11.7, 5.2, 7.3],
			"light_emission": 15,
			"rotation": {"angle": 0, "axis": "y", "origin": [21.7, 15.1, 8.65]},
			"faces": {
				"north": {"uv": [8, 0, 0, 8], "texture": "#glint", "cullface": "north"},
				"south": {"uv": [8, 0, 0, 8], "texture": "#glint", "cullface": "north"}
			}
		},
		{
			"from": [10.3, 5.2, 8.7],
			"to": [11.2, 5.3, 7.3],
			"light_emission": 15,
			"rotation": {"angle": 0, "axis": "y", "origin": [21.2, 15.5, 8.65]},
			"faces": {
				"north": {"uv": [8, 0, 0, 8], "texture": "#glint", "cullface": "north"},
				"south": {"uv": [8, 0, 0, 8], "texture": "#glint", "cullface": "north"}
			}
		},
		{
			"from": [9.8, 5.3, 8.7],
			"to": [11.2, 5.7, 7.3],
			"light_emission": 15,
			"rotation": {"angle": 0, "axis": "y", "origin": [21.2, 15.6, 8.65]},
			"faces": {
				"north": {"uv": [8, 0, 0, 8], "texture": "#glint", "cullface": "north"},
				"south": {"uv": [8, 0, 0, 8], "texture": "#glint", "cullface": "north"}
			}
		},
		{
			"from": [9.8, 5.7, 8.7],
			"to": [10.7, 5.8, 7.3],
			"light_emission": 15,
			"rotation": {"angle": 0, "axis": "y", "origin": [20.7, 16, 8.65]},
			"faces": {
				"north": {"uv": [8, 0, 0, 8], "texture": "#glint", "cullface": "north"},
				"south": {"uv": [8, 0, 0, 8], "texture": "#glint", "cullface": "north"}
			}
		},
		{
			"from": [9.3, 5.8, 8.7],
			"to": [10.7, 6.2, 7.3],
			"light_emission": 15,
			"rotation": {"angle": 0, "axis": "y", "origin": [20.7, 16.1, 8.65]},
			"faces": {
				"north": {"uv": [8, 0, 0, 8], "texture": "#glint", "cullface": "north"},
				"south": {"uv": [8, 0, 0, 8], "texture": "#glint", "cullface": "north"}
			}
		},
		{
			"from": [9.3, 6.2, 8.7],
			"to": [10.2, 6.3, 7.3],
			"light_emission": 15,
			"rotation": {"angle": 0, "axis": "y", "origin": [20.2, 16.5, 8.65]},
			"faces": {
				"north": {"uv": [8, 0, 0, 8], "texture": "#glint", "cullface": "north"},
				"south": {"uv": [8, 0, 0, 8], "texture": "#glint", "cullface": "north"}
			}
		},
		{
			"from": [8.8, 6.3, 8.7],
			"to": [10.2, 6.7, 7.3],
			"light_emission": 15,
			"rotation": {"angle": 0, "axis": "y", "origin": [20.2, 16.6, 8.65]},
			"faces": {
				"north": {"uv": [8, 0, 0, 8], "texture": "#glint", "cullface": "north"},
				"south": {"uv": [8, 0, 0, 8], "texture": "#glint", "cullface": "north"}
			}
		},
		{
			"from": [8.8, 6.7, 8.7],
			"to": [9.7, 6.8, 7.3],
			"light_emission": 15,
			"rotation": {"angle": 0, "axis": "y", "origin": [19.7, 17, 8.65]},
			"faces": {
				"north": {"uv": [8, 0, 0, 8], "texture": "#glint", "cullface": "north"},
				"south": {"uv": [8, 0, 0, 8], "texture": "#glint", "cullface": "north"}
			}
		},
		{
			"from": [8.3, 6.8, 8.7],
			"to": [9.7, 7.2, 7.3],
			"light_emission": 15,
			"rotation": {"angle": 0, "axis": "y", "origin": [19.7, 17.1, 8.65]},
			"faces": {
				"north": {"uv": [8, 0, 0, 8], "texture": "#glint", "cullface": "north"},
				"south": {"uv": [8, 0, 0, 8], "texture": "#glint", "cullface": "north"}
			}
		},
		{
			"from": [8.3, 7.2, 8.7],
			"to": [9.2, 7.3, 7.3],
			"light_emission": 15,
			"rotation": {"angle": 0, "axis": "y", "origin": [19.2, 17.5, 8.65]},
			"faces": {
				"north": {"uv": [8, 0, 0, 8], "texture": "#glint", "cullface": "north"},
				"south": {"uv": [8, 0, 0, 8], "texture": "#glint", "cullface": "north"}
			}
		},
		{
			"from": [7.8, 7.3, 8.7],
			"to": [9.2, 7.7, 7.3],
			"light_emission": 15,
			"rotation": {"angle": 0, "axis": "y", "origin": [19.2, 17.6, 8.65]},
			"faces": {
				"north": {"uv": [8, 0, 0, 8], "texture": "#glint", "cullface": "north"},
				"south": {"uv": [8, 0, 0, 8], "texture": "#glint", "cullface": "north"}
			}
		},
		{
			"from": [7.8, 7.7, 8.7],
			"to": [8.7, 7.8, 7.3],
			"light_emission": 15,
			"rotation": {"angle": 0, "axis": "y", "origin": [18.7, 18, 8.65]},
			"faces": {
				"north": {"uv": [8, 0, 0, 8], "texture": "#glint", "cullface": "north"},
				"south": {"uv": [8, 0, 0, 8], "texture": "#glint", "cullface": "north"}
			}
		},
		{
			"from": [7.3, 7.8, 8.7],
			"to": [8.7, 8.2, 7.3],
			"light_emission": 15,
			"rotation": {"angle": 0, "axis": "y", "origin": [18.7, 18.1, 8.65]},
			"faces": {
				"north": {"uv": [8, 0, 0, 8], "texture": "#glint", "cullface": "north"},
				"south": {"uv": [8, 0, 0, 8], "texture": "#glint", "cullface": "north"}
			}
		},
		{
			"from": [7.3, 8.2, 8.7],
			"to": [8.2, 8.3, 7.3],
			"light_emission": 15,
			"rotation": {"angle": 0, "axis": "y", "origin": [18.2, 18.5, 8.65]},
			"faces": {
				"north": {"uv": [8, 0, 0, 8], "texture": "#glint", "cullface": "north"},
				"south": {"uv": [8, 0, 0, 8], "texture": "#glint", "cullface": "north"}
			}
		},
		{
			"from": [6.8, 8.3, 8.7],
			"to": [8.2, 8.7, 7.3],
			"light_emission": 15,
			"rotation": {"angle": 0, "axis": "y", "origin": [18.2, 18.6, 8.65]},
			"faces": {
				"north": {"uv": [8, 0, 0, 8], "texture": "#glint", "cullface": "north"},
				"south": {"uv": [8, 0, 0, 8], "texture": "#glint", "cullface": "north"}
			}
		},
		{
			"from": [6.8, 8.7, 8.7],
			"to": [7.7, 8.8, 7.3],
			"light_emission": 15,
			"rotation": {"angle": 0, "axis": "y", "origin": [17.7, 19, 8.65]},
			"faces": {
				"north": {"uv": [8, 0, 0, 8], "texture": "#glint", "cullface": "north"},
				"south": {"uv": [8, 0, 0, 8], "texture": "#glint", "cullface": "north"}
			}
		},
		{
			"from": [6.3, 8.8, 8.7],
			"to": [7.7, 9.2, 7.3],
			"light_emission": 15,
			"rotation": {"angle": 0, "axis": "y", "origin": [17.7, 19.1, 8.65]},
			"faces": {
				"north": {"uv": [8, 0, 0, 8], "texture": "#glint", "cullface": "north"},
				"south": {"uv": [8, 0, 0, 8], "texture": "#glint", "cullface": "north"}
			}
		},
		{
			"from": [6.3, 9.2, 8.7],
			"to": [7.2, 9.3, 7.3],
			"light_emission": 15,
			"rotation": {"angle": 0, "axis": "y", "origin": [17.2, 19.5, 8.65]},
			"faces": {
				"north": {"uv": [8, 0, 0, 8], "texture": "#glint", "cullface": "north"},
				"south": {"uv": [8, 0, 0, 8], "texture": "#glint", "cullface": "north"}
			}
		},
		{
			"from": [5.3, 9.3, 8.7],
			"to": [5.8, 9.8, 7.3],
			"light_emission": 15,
			"rotation": {"angle": 0, "axis": "y", "origin": [16.2, 19.6, 8.65]},
			"faces": {
				"north": {"uv": [8, 0, 0, 8], "texture": "#glint", "cullface": "north"},
				"south": {"uv": [8, 0, 0, 8], "texture": "#glint", "cullface": "north"},
				"west": {"uv": [8, 0, 0, 8], "texture": "#glint", "cullface": "north"},
				"down": {"uv": [8, 0, 0, 8], "texture": "#glint", "cullface": "north"}
			}
		},
		{
			"from": [5.8, 9.3, 8.7],
			"to": [7.2, 9.7, 7.3],
			"light_emission": 15,
			"rotation": {"angle": 0, "axis": "y", "origin": [17.2, 19.6, 8.65]},
			"faces": {
				"north": {"uv": [8, 0, 0, 8], "texture": "#glint", "cullface": "north"},
				"south": {"uv": [8, 0, 0, 8], "texture": "#glint", "cullface": "north"}
			}
		},
		{
			"from": [7.2, 9.2, 8.7],
			"to": [7.7, 9.7, 7.3],
			"light_emission": 15,
			"rotation": {"angle": 0, "axis": "y", "origin": [18.1, 19.5, 8.65]},
			"faces": {
				"north": {"uv": [8, 0, 0, 8], "texture": "#glint", "cullface": "north"},
				"east": {"uv": [8, 0, 0, 8], "texture": "#glint", "cullface": "north"},
				"south": {"uv": [8, 0, 0, 8], "texture": "#glint", "cullface": "north"},
				"up": {"uv": [8, 0, 0, 8], "texture": "#glint", "cullface": "north"}
			}
		},
		{
			"from": [5.8, 9.7, 8.7],
			"to": [6.7, 9.8, 7.3],
			"light_emission": 15,
			"rotation": {"angle": 0, "axis": "y", "origin": [16.7, 20, 8.65]},
			"faces": {
				"north": {"uv": [8, 0, 0, 8], "texture": "#glint", "cullface": "north"},
				"south": {"uv": [8, 0, 0, 8], "texture": "#glint", "cullface": "north"}
			}
		},
		{
			"from": [4.8, 9.8, 8.7],
			"to": [5.3, 10.3, 7.3],
			"light_emission": 15,
			"rotation": {"angle": 0, "axis": "y", "origin": [15.7, 20.1, 8.65]},
			"faces": {
				"north": {"uv": [8, 0, 0, 8], "texture": "#glint", "cullface": "north"},
				"south": {"uv": [8, 0, 0, 8], "texture": "#glint", "cullface": "north"},
				"west": {"uv": [8, 0, 0, 8], "texture": "#glint", "cullface": "north"},
				"down": {"uv": [8, 0, 0, 8], "texture": "#glint", "cullface": "north"}
			}
		},
		{
			"from": [5.3, 9.8, 8.7],
			"to": [6.7, 10.2, 7.3],
			"light_emission": 15,
			"rotation": {"angle": 0, "axis": "y", "origin": [16.7, 20.1, 8.65]},
			"faces": {
				"north": {"uv": [8, 0, 0, 8], "texture": "#glint", "cullface": "north"},
				"south": {"uv": [8, 0, 0, 8], "texture": "#glint", "cullface": "north"}
			}
		},
		{
			"from": [6.7, 9.7, 8.7],
			"to": [7.2, 10.2, 7.3],
			"light_emission": 15,
			"rotation": {"angle": 0, "axis": "y", "origin": [17.6, 20, 8.65]},
			"faces": {
				"north": {"uv": [8, 0, 0, 8], "texture": "#glint", "cullface": "north"},
				"east": {"uv": [8, 0, 0, 8], "texture": "#glint", "cullface": "north"},
				"south": {"uv": [8, 0, 0, 8], "texture": "#glint", "cullface": "north"},
				"up": {"uv": [8, 0, 0, 8], "texture": "#glint", "cullface": "north"}
			}
		},
		{
			"from": [5.3, 10.2, 8.7],
			"to": [6.2, 10.3, 7.3],
			"light_emission": 15,
			"rotation": {"angle": 0, "axis": "y", "origin": [16.2, 20.5, 8.65]},
			"faces": {
				"north": {"uv": [8, 0, 0, 8], "texture": "#glint", "cullface": "north"},
				"south": {"uv": [8, 0, 0, 8], "texture": "#glint", "cullface": "north"}
			}
		},
		{
			"from": [4.3, 10.3, 8.7],
			"to": [4.8, 10.8, 7.3],
			"light_emission": 15,
			"rotation": {"angle": 0, "axis": "y", "origin": [15.2, 20.6, 8.65]},
			"faces": {
				"north": {"uv": [8, 0, 0, 8], "texture": "#glint", "cullface": "north"},
				"south": {"uv": [8, 0, 0, 8], "texture": "#glint", "cullface": "north"},
				"west": {"uv": [8, 0, 0, 8], "texture": "#glint", "cullface": "north"},
				"down": {"uv": [8, 0, 0, 8], "texture": "#glint", "cullface": "north"}
			}
		},
		{
			"from": [4.8, 10.3, 8.7],
			"to": [6.2, 10.7, 7.3],
			"light_emission": 15,
			"rotation": {"angle": 0, "axis": "y", "origin": [16.2, 20.6, 8.65]},
			"faces": {
				"north": {"uv": [8, 0, 0, 8], "texture": "#glint", "cullface": "north"},
				"south": {"uv": [8, 0, 0, 8], "texture": "#glint", "cullface": "north"}
			}
		},
		{
			"from": [6.2, 10.2, 8.7],
			"to": [6.7, 10.7, 7.3],
			"light_emission": 15,
			"rotation": {"angle": 0, "axis": "y", "origin": [17.1, 20.5, 8.65]},
			"faces": {
				"north": {"uv": [8, 0, 0, 8], "texture": "#glint", "cullface": "north"},
				"east": {"uv": [8, 0, 0, 8], "texture": "#glint", "cullface": "north"},
				"south": {"uv": [8, 0, 0, 8], "texture": "#glint", "cullface": "north"},
				"up": {"uv": [8, 0, 0, 8], "texture": "#glint", "cullface": "north"}
			}
		},
		{
			"from": [4.8, 10.7, 8.7],
			"to": [5.7, 10.8, 7.3],
			"light_emission": 15,
			"rotation": {"angle": 0, "axis": "y", "origin": [15.7, 21, 8.65]},
			"faces": {
				"north": {"uv": [8, 0, 0, 8], "texture": "#glint", "cullface": "north"},
				"south": {"uv": [8, 0, 0, 8], "texture": "#glint", "cullface": "north"}
			}
		},
		{
			"from": [4.3, 10.8, 8.7],
			"to": [5.7, 11.2, 7.3],
			"light_emission": 15,
			"rotation": {"angle": 0, "axis": "y", "origin": [15.7, 21.1, 8.65]},
			"faces": {
				"north": {"uv": [8, 0, 0, 8], "texture": "#glint", "cullface": "north"},
				"south": {"uv": [8, 0, 0, 8], "texture": "#glint", "cullface": "north"}
			}
		},
		{
			"from": [4.3, 11.2, 8.7],
			"to": [5.2, 11.3, 7.3],
			"light_emission": 15,
			"rotation": {"angle": 0, "axis": "y", "origin": [15.2, 21.5, 8.65]},
			"faces": {
				"north": {"uv": [8, 0, 0, 8], "texture": "#glint", "cullface": "north"},
				"south": {"uv": [8, 0, 0, 8], "texture": "#glint", "cullface": "north"}
			}
		},
		{
			"from": [3.8, 11.3, 8.7],
			"to": [5.2, 11.7, 7.3],
			"light_emission": 15,
			"rotation": {"angle": 0, "axis": "y", "origin": [15.2, 21.6, 8.65]},
			"faces": {
				"north": {"uv": [8, 0, 0, 8], "texture": "#glint", "cullface": "north"},
				"south": {"uv": [8, 0, 0, 8], "texture": "#glint", "cullface": "north"}
			}
		},
		{
			"from": [3.8, 11.7, 8.7],
			"to": [4.7, 11.8, 7.3],
			"light_emission": 15,
			"rotation": {"angle": 0, "axis": "y", "origin": [14.7, 22, 8.65]},
			"faces": {
				"north": {"uv": [8, 0, 0, 8], "texture": "#glint", "cullface": "north"},
				"south": {"uv": [8, 0, 0, 8], "texture": "#glint", "cullface": "north"}
			}
		},
		{
			"from": [3.3, 12.2, 8.7],
			"to": [4.2, 12.3, 7.3],
			"light_emission": 15,
			"rotation": {"angle": 0, "axis": "y", "origin": [14.2, 22.5, 8.65]},
			"faces": {
				"north": {"uv": [8, 0, 0, 8], "texture": "#glint", "cullface": "north"},
				"south": {"uv": [8, 0, 0, 8], "texture": "#glint", "cullface": "north"}
			}
		},
		{
			"from": [3.3, 11.8, 8.7],
			"to": [4.7, 12.2, 7.3],
			"light_emission": 15,
			"rotation": {"angle": 0, "axis": "y", "origin": [14.7, 22.1, 8.65]},
			"faces": {
				"north": {"uv": [8, 0, 0, 8], "texture": "#glint", "cullface": "north"},
				"south": {"uv": [8, 0, 0, 8], "texture": "#glint", "cullface": "north"}
			}
		},
		{
			"from": [11.8, 2.8, 8.7],
			"to": [12.3, 3.3, 7.3],
			"light_emission": 15,
			"rotation": {"angle": 0, "axis": "y", "origin": [22.7, 13.1, 8.65]},
			"faces": {
				"north": {"uv": [8, 0, 0, 8], "texture": "#glint", "cullface": "north"},
				"south": {"uv": [8, 0, 0, 8], "texture": "#glint", "cullface": "north"},
				"west": {"uv": [8, 0, 0, 8], "texture": "#glint", "cullface": "north"},
				"down": {"uv": [8, 0, 0, 8], "texture": "#glint", "cullface": "north"}
			}
		},
		{
			"from": [11.3, 3.3, 8.7],
			"to": [11.8, 3.8, 7.3],
			"light_emission": 15,
			"rotation": {"angle": 0, "axis": "y", "origin": [22.2, 13.6, 8.65]},
			"faces": {
				"north": {"uv": [8, 0, 0, 8], "texture": "#glint", "cullface": "north"},
				"south": {"uv": [8, 0, 0, 8], "texture": "#glint", "cullface": "north"},
				"west": {"uv": [8, 0, 0, 8], "texture": "#glint", "cullface": "north"},
				"down": {"uv": [8, 0, 0, 8], "texture": "#glint", "cullface": "north"}
			}
		},
		{
			"from": [12.3, 2.3, 8.7],
			"to": [12.8, 2.8, 7.3],
			"light_emission": 15,
			"rotation": {"angle": 0, "axis": "y", "origin": [23.2, 12.6, 8.65]},
			"faces": {
				"north": {"uv": [8, 0, 0, 8], "texture": "#glint", "cullface": "north"},
				"south": {"uv": [8, 0, 0, 8], "texture": "#glint", "cullface": "north"},
				"west": {"uv": [8, 0, 0, 8], "texture": "#glint", "cullface": "north"},
				"down": {"uv": [8, 0, 0, 8], "texture": "#glint", "cullface": "north"}
			}
		},
		{
			"from": [12.8, 1.8, 8.7],
			"to": [13.3, 2.3, 7.3],
			"light_emission": 15,
			"rotation": {"angle": 0, "axis": "y", "origin": [23.7, 12.1, 8.65]},
			"faces": {
				"north": {"uv": [8, 0, 0, 8], "texture": "#glint", "cullface": "north"},
				"south": {"uv": [8, 0, 0, 8], "texture": "#glint", "cullface": "north"},
				"west": {"uv": [8, 0, 0, 8], "texture": "#glint", "cullface": "north"},
				"down": {"uv": [8, 0, 0, 8], "texture": "#glint", "cullface": "north"}
			}
		},
		{
			"from": [10.8, 3.8, 8.7],
			"to": [11.3, 4.3, 7.3],
			"light_emission": 15,
			"rotation": {"angle": 0, "axis": "y", "origin": [21.7, 14.1, 8.65]},
			"faces": {
				"north": {"uv": [8, 0, 0, 8], "texture": "#glint", "cullface": "north"},
				"south": {"uv": [8, 0, 0, 8], "texture": "#glint", "cullface": "north"},
				"west": {"uv": [8, 0, 0, 8], "texture": "#glint", "cullface": "north"},
				"down": {"uv": [8, 0, 0, 8], "texture": "#glint", "cullface": "north"}
			}
		},
		{
			"from": [10.3, 4.3, 8.7],
			"to": [10.8, 4.8, 7.3],
			"light_emission": 15,
			"rotation": {"angle": 0, "axis": "y", "origin": [21.2, 14.6, 8.65]},
			"faces": {
				"north": {"uv": [8, 0, 0, 8], "texture": "#glint", "cullface": "north"},
				"south": {"uv": [8, 0, 0, 8], "texture": "#glint", "cullface": "north"},
				"west": {"uv": [8, 0, 0, 8], "texture": "#glint", "cullface": "north"},
				"down": {"uv": [8, 0, 0, 8], "texture": "#glint", "cullface": "north"}
			}
		},
		{
			"from": [9.8, 4.8, 8.7],
			"to": [10.3, 5.3, 7.3],
			"light_emission": 15,
			"rotation": {"angle": 0, "axis": "y", "origin": [20.7, 15.1, 8.65]},
			"faces": {
				"north": {"uv": [8, 0, 0, 8], "texture": "#glint", "cullface": "north"},
				"south": {"uv": [8, 0, 0, 8], "texture": "#glint", "cullface": "north"},
				"west": {"uv": [8, 0, 0, 8], "texture": "#glint", "cullface": "north"},
				"down": {"uv": [8, 0, 0, 8], "texture": "#glint", "cullface": "north"}
			}
		},
		{
			"from": [9.3, 5.3, 8.7],
			"to": [9.8, 5.8, 7.3],
			"light_emission": 15,
			"rotation": {"angle": 0, "axis": "y", "origin": [20.2, 15.6, 8.65]},
			"faces": {
				"north": {"uv": [8, 0, 0, 8], "texture": "#glint", "cullface": "north"},
				"south": {"uv": [8, 0, 0, 8], "texture": "#glint", "cullface": "north"},
				"west": {"uv": [8, 0, 0, 8], "texture": "#glint", "cullface": "north"},
				"down": {"uv": [8, 0, 0, 8], "texture": "#glint", "cullface": "north"}
			}
		},
		{
			"from": [7.8, 6.8, 8.7],
			"to": [8.3, 7.3, 7.3],
			"light_emission": 15,
			"rotation": {"angle": 0, "axis": "y", "origin": [18.7, 17.1, 8.65]},
			"faces": {
				"north": {"uv": [8, 0, 0, 8], "texture": "#glint", "cullface": "north"},
				"south": {"uv": [8, 0, 0, 8], "texture": "#glint", "cullface": "north"},
				"west": {"uv": [8, 0, 0, 8], "texture": "#glint", "cullface": "north"},
				"down": {"uv": [8, 0, 0, 8], "texture": "#glint", "cullface": "north"}
			}
		},
		{
			"from": [7.3, 7.3, 8.7],
			"to": [7.8, 7.8, 7.3],
			"light_emission": 15,
			"rotation": {"angle": 0, "axis": "y", "origin": [18.2, 17.6, 8.65]},
			"faces": {
				"north": {"uv": [8, 0, 0, 8], "texture": "#glint", "cullface": "north"},
				"south": {"uv": [8, 0, 0, 8], "texture": "#glint", "cullface": "north"},
				"west": {"uv": [8, 0, 0, 8], "texture": "#glint", "cullface": "north"},
				"down": {"uv": [8, 0, 0, 8], "texture": "#glint", "cullface": "north"}
			}
		},
		{
			"from": [6.8, 7.8, 8.7],
			"to": [7.3, 8.3, 7.3],
			"light_emission": 15,
			"rotation": {"angle": 0, "axis": "y", "origin": [17.7, 18.1, 8.65]},
			"faces": {
				"north": {"uv": [8, 0, 0, 8], "texture": "#glint", "cullface": "north"},
				"south": {"uv": [8, 0, 0, 8], "texture": "#glint", "cullface": "north"},
				"west": {"uv": [8, 0, 0, 8], "texture": "#glint", "cullface": "north"},
				"down": {"uv": [8, 0, 0, 8], "texture": "#glint", "cullface": "north"}
			}
		},
		{
			"from": [6.3, 8.3, 8.7],
			"to": [6.8, 8.8, 7.3],
			"light_emission": 15,
			"rotation": {"angle": 0, "axis": "y", "origin": [17.2, 18.6, 8.65]},
			"faces": {
				"north": {"uv": [8, 0, 0, 8], "texture": "#glint", "cullface": "north"},
				"south": {"uv": [8, 0, 0, 8], "texture": "#glint", "cullface": "north"},
				"west": {"uv": [8, 0, 0, 8], "texture": "#glint", "cullface": "north"},
				"down": {"uv": [8, 0, 0, 8], "texture": "#glint", "cullface": "north"}
			}
		},
		{
			"from": [5.8, 8.8, 8.7],
			"to": [6.3, 9.3, 7.3],
			"light_emission": 15,
			"rotation": {"angle": 0, "axis": "y", "origin": [16.7, 19.1, 8.65]},
			"faces": {
				"north": {"uv": [8, 0, 0, 8], "texture": "#glint", "cullface": "north"},
				"south": {"uv": [8, 0, 0, 8], "texture": "#glint", "cullface": "north"},
				"west": {"uv": [8, 0, 0, 8], "texture": "#glint", "cullface": "north"},
				"down": {"uv": [8, 0, 0, 8], "texture": "#glint", "cullface": "north"}
			}
		},
		{
			"from": [3.8, 10.8, 8.7],
			"to": [4.3, 11.3, 7.3],
			"light_emission": 15,
			"rotation": {"angle": 0, "axis": "y", "origin": [14.7, 21.1, 8.65]},
			"faces": {
				"north": {"uv": [8, 0, 0, 8], "texture": "#glint", "cullface": "north"},
				"south": {"uv": [8, 0, 0, 8], "texture": "#glint", "cullface": "north"},
				"west": {"uv": [8, 0, 0, 8], "texture": "#glint", "cullface": "north"},
				"down": {"uv": [8, 0, 0, 8], "texture": "#glint", "cullface": "north"}
			}
		},
		{
			"from": [3.3, 11.3, 8.7],
			"to": [3.8, 11.8, 7.3],
			"light_emission": 15,
			"rotation": {"angle": 0, "axis": "y", "origin": [14.2, 21.6, 8.65]},
			"faces": {
				"north": {"uv": [8, 0, 0, 8], "texture": "#glint", "cullface": "north"},
				"south": {"uv": [8, 0, 0, 8], "texture": "#glint", "cullface": "north"},
				"west": {"uv": [8, 0, 0, 8], "texture": "#glint", "cullface": "north"},
				"down": {"uv": [8, 0, 0, 8], "texture": "#glint", "cullface": "north"}
			}
		},
		{
			"from": [1.8, 11.8, 8.7],
			"to": [2.7, 12.3, 7.3],
			"light_emission": 15,
			"rotation": {"angle": 0, "axis": "y", "origin": [13.1, 22.1, 8.65]},
			"faces": {
				"north": {"uv": [8, 0, 0, 8], "texture": "#glint", "cullface": "north"},
				"south": {"uv": [8, 0, 0, 8], "texture": "#glint", "cullface": "north"}
			}
		},
		{
			"from": [1.3, 12.3, 8.7],
			"to": [4.2, 12.7, 7.3],
			"light_emission": 15,
			"rotation": {"angle": 0, "axis": "y", "origin": [13.1, 22.6, 8.65]},
			"faces": {
				"north": {"uv": [8, 0, 0, 8], "texture": "#glint", "cullface": "north"},
				"south": {"uv": [8, 0, 0, 8], "texture": "#glint", "cullface": "north"}
			}
		},
		{
			"from": [1.3, 12.7, 8.7],
			"to": [3.7, 13.3, 7.3],
			"light_emission": 15,
			"rotation": {"angle": 0, "axis": "y", "origin": [13.1, 23, 8.65]},
			"faces": {
				"north": {"uv": [8, 0, 0, 8], "texture": "#glint", "cullface": "north"},
				"south": {"uv": [8, 0, 0, 8], "texture": "#glint", "cullface": "north"}
			}
		},
		{
			"from": [0.8, 14.2, 8.7],
			"to": [3.7, 14.3, 7.3],
			"light_emission": 15,
			"rotation": {"angle": 0, "axis": "y", "origin": [12.6, 24.5, 8.65]},
			"faces": {
				"north": {"uv": [8, 0, 0, 8], "texture": "#glint", "cullface": "north"},
				"south": {"uv": [8, 0, 0, 8], "texture": "#glint", "cullface": "north"}
			}
		},
		{
			"from": [0.8, 13.3, 8.7],
			"to": [4.2, 14.2, 7.3],
			"light_emission": 15,
			"rotation": {"angle": 0, "axis": "y", "origin": [13.1, 23.6, 8.65]},
			"faces": {
				"north": {"uv": [8, 0, 0, 8], "texture": "#glint", "cullface": "north"},
				"south": {"uv": [8, 0, 0, 8], "texture": "#glint", "cullface": "north"}
			}
		},
		{
			"from": [0.3, 14.3, 8.7],
			"to": [3.7, 14.7, 7.3],
			"light_emission": 15,
			"rotation": {"angle": 0, "axis": "y", "origin": [13.1, 24.6, 8.65]},
			"faces": {
				"north": {"uv": [8, 0, 0, 8], "texture": "#glint", "cullface": "north"},
				"south": {"uv": [8, 0, 0, 8], "texture": "#glint", "cullface": "north"}
			}
		},
		{
			"from": [0.3, 14.7, 8.7],
			"to": [2.7, 15.2, 7.3],
			"light_emission": 15,
			"rotation": {"angle": 0, "axis": "y", "origin": [13.1, 25, 8.65]},
			"faces": {
				"north": {"uv": [8, 0, 0, 8], "texture": "#glint", "cullface": "north"},
				"south": {"uv": [8, 0, 0, 8], "texture": "#glint", "cullface": "north"}
			}
		},
		{
			"from": [0.3, 15.2, 8.7],
			"to": [1.7, 15.7, 7.3],
			"light_emission": 15,
			"rotation": {"angle": 0, "axis": "y", "origin": [13.1, 25.5, 8.65]},
			"faces": {
				"north": {"uv": [8, 0, 0, 8], "texture": "#glint", "cullface": "north"},
				"south": {"uv": [8, 0, 0, 8], "texture": "#glint", "cullface": "north"}
			}
		},
		{
			"from": [2.7, 11.8, 8.7],
			"to": [3.3, 12.3, 7.3],
			"light_emission": 15,
			"rotation": {"angle": 0, "axis": "y", "origin": [13.7, 22.1, 8.65]},
			"faces": {
				"north": {"uv": [8, 0, 0, 8], "texture": "#glint", "cullface": "north"},
				"south": {"uv": [8, 0, 0, 8], "texture": "#glint", "cullface": "north"},
				"down": {"uv": [8, 0, 0, 8], "texture": "#glint", "cullface": "north"}
			}
		},
		{
			"from": [1.8, 11.3, 8.7],
			"to": [2.7, 11.8, 7.3],
			"light_emission": 15,
			"rotation": {"angle": 0, "axis": "y", "origin": [13.1, 21.6, 8.65]},
			"faces": {
				"north": {"uv": [8, 0, 0, 8], "texture": "#glint", "cullface": "north"},
				"east": {"uv": [8, 0, 0, 8], "texture": "#glint", "cullface": "north"},
				"south": {"uv": [8, 0, 0, 8], "texture": "#glint", "cullface": "north"},
				"down": {"uv": [8, 0, 0, 8], "texture": "#glint", "cullface": "north"}
			}
		},
		{
			"from": [1.3, 11.3, 8.7],
			"to": [1.8, 11.8, 7.3],
			"light_emission": 15,
			"rotation": {"angle": 0, "axis": "y", "origin": [12.2, 21.6, 8.65]},
			"faces": {
				"north": {"uv": [8, 0, 0, 8], "texture": "#glint", "cullface": "north"},
				"south": {"uv": [8, 0, 0, 8], "texture": "#glint", "cullface": "north"},
				"west": {"uv": [8, 0, 0, 8], "texture": "#glint", "cullface": "north"},
				"down": {"uv": [8, 0, 0, 8], "texture": "#glint", "cullface": "north"}
			}
		},
		{
			"from": [1.3, 11.8, 8.7],
			"to": [1.8, 12.3, 7.3],
			"light_emission": 15,
			"rotation": {"angle": 0, "axis": "y", "origin": [12.2, 22.1, 8.65]},
			"faces": {
				"north": {"uv": [8, 0, 0, 8], "texture": "#glint", "cullface": "north"},
				"south": {"uv": [8, 0, 0, 8], "texture": "#glint", "cullface": "north"},
				"west": {"uv": [8, 0, 0, 8], "texture": "#glint", "cullface": "north"}
			}
		},
		{
			"from": [0.8, 12.3, 8.7],
			"to": [1.3, 13.3, 7.3],
			"light_emission": 15,
			"rotation": {"angle": 0, "axis": "y", "origin": [11.7, 22.6, 8.65]},
			"faces": {
				"north": {"uv": [8, 0, 0, 8], "texture": "#glint", "cullface": "north"},
				"south": {"uv": [8, 0, 0, 8], "texture": "#glint", "cullface": "north"},
				"west": {"uv": [8, 0, 0, 8], "texture": "#glint", "cullface": "north"},
				"down": {"uv": [8, 0, 0, 8], "texture": "#glint", "cullface": "north"}
			}
		},
		{
			"from": [0.3, 13.3, 8.7],
			"to": [0.8, 14.3, 7.3],
			"light_emission": 15,
			"rotation": {"angle": 0, "axis": "y", "origin": [11.2, 23.6, 8.65]},
			"faces": {
				"north": {"uv": [8, 0, 0, 8], "texture": "#glint", "cullface": "north"},
				"south": {"uv": [8, 0, 0, 8], "texture": "#glint", "cullface": "north"},
				"west": {"uv": [8, 0, 0, 8], "texture": "#glint", "cullface": "north"},
				"down": {"uv": [8, 0, 0, 8], "texture": "#glint", "cullface": "north"}
			}
		},
		{
			"from": [-0.2, 14.3, 8.7],
			"to": [0.3, 15.7, 7.3],
			"light_emission": 15,
			"rotation": {"angle": 0, "axis": "y", "origin": [10.7, 24.6, 8.65]},
			"faces": {
				"north": {"uv": [8, 0, 0, 8], "texture": "#glint", "cullface": "north"},
				"south": {"uv": [8, 0, 0, 8], "texture": "#glint", "cullface": "north"},
				"west": {"uv": [8, 0, 0, 8], "texture": "#glint", "cullface": "north"},
				"down": {"uv": [8, 0, 0, 8], "texture": "#glint", "cullface": "north"}
			}
		},
		{
			"from": [-0.2, 15.7, 8.7],
			"to": [0.3, 16.2, 7.3],
			"light_emission": 15,
			"rotation": {"angle": 0, "axis": "y", "origin": [10.7, 26, 8.65]},
			"faces": {
				"north": {"uv": [8, 0, 0, 8], "texture": "#glint", "cullface": "north"},
				"south": {"uv": [8, 0, 0, 8], "texture": "#glint", "cullface": "north"},
				"west": {"uv": [8, 0, 0, 8], "texture": "#glint", "cullface": "north"},
				"up": {"uv": [8, 0, 0, 8], "texture": "#glint", "cullface": "north"}
			}
		},
		{
			"from": [1.7, 15.2, 8.7],
			"to": [2.7, 15.7, 7.3],
			"light_emission": 15,
			"rotation": {"angle": 0, "axis": "y", "origin": [13.1, 25.5, 8.65]},
			"faces": {
				"north": {"uv": [8, 0, 0, 8], "texture": "#glint", "cullface": "north"},
				"east": {"uv": [8, 0, 0, 8], "texture": "#glint", "cullface": "north"},
				"south": {"uv": [8, 0, 0, 8], "texture": "#glint", "cullface": "north"},
				"up": {"uv": [8, 0, 0, 8], "texture": "#glint", "cullface": "north"}
			}
		},
		{
			"from": [2.7, 14.7, 8.7],
			"to": [3.7, 15.2, 7.3],
			"light_emission": 15,
			"rotation": {"angle": 0, "axis": "y", "origin": [14.1, 25, 8.65]},
			"faces": {
				"north": {"uv": [8, 0, 0, 8], "texture": "#glint", "cullface": "north"},
				"east": {"uv": [8, 0, 0, 8], "texture": "#glint", "cullface": "north"},
				"south": {"uv": [8, 0, 0, 8], "texture": "#glint", "cullface": "north"},
				"up": {"uv": [8, 0, 0, 8], "texture": "#glint", "cullface": "north"}
			}
		},
		{
			"from": [3.7, 14.2, 8.7],
			"to": [4.2, 14.7, 7.3],
			"light_emission": 15,
			"rotation": {"angle": 0, "axis": "y", "origin": [15.1, 24.5, 8.65]},
			"faces": {
				"north": {"uv": [8, 0, 0, 8], "texture": "#glint", "cullface": "north"},
				"south": {"uv": [8, 0, 0, 8], "texture": "#glint", "cullface": "north"},
				"up": {"uv": [8, 0, 0, 8], "texture": "#glint", "cullface": "north"}
			}
		},
		{
			"from": [0.3, 15.7, 8.7],
			"to": [1.7, 16.2, 7.3],
			"light_emission": 15,
			"rotation": {"angle": 0, "axis": "y", "origin": [12.1, 26, 8.65]},
			"faces": {
				"north": {"uv": [8, 0, 0, 8], "texture": "#glint", "cullface": "north"},
				"east": {"uv": [8, 0, 0, 8], "texture": "#glint", "cullface": "north"},
				"south": {"uv": [8, 0, 0, 8], "texture": "#glint", "cullface": "north"},
				"up": {"uv": [8, 0, 0, 8], "texture": "#glint", "cullface": "north"}
			}
		},
		{
			"from": [8.3, 6.3, 8.7],
			"to": [8.8, 6.8, 7.3],
			"light_emission": 15,
			"rotation": {"angle": 0, "axis": "y", "origin": [19.2, 16.6, 8.65]},
			"faces": {
				"north": {"uv": [8, 0, 0, 8], "texture": "#glint", "cullface": "north"},
				"south": {"uv": [8, 0, 0, 8], "texture": "#glint", "cullface": "north"},
				"west": {"uv": [8, 0, 0, 8], "texture": "#glint", "cullface": "north"},
				"down": {"uv": [8, 0, 0, 8], "texture": "#glint", "cullface": "north"}
			}
		},
		{
			"from": [8.8, 5.8, 8.7],
			"to": [9.3, 6.3, 7.3],
			"light_emission": 15,
			"rotation": {"angle": 0, "axis": "y", "origin": [19.7, 16.1, 8.65]},
			"faces": {
				"north": {"uv": [8, 0, 0, 8], "texture": "#glint", "cullface": "north"},
				"south": {"uv": [8, 0, 0, 8], "texture": "#glint", "cullface": "north"},
				"west": {"uv": [8, 0, 0, 8], "texture": "#glint", "cullface": "north"},
				"down": {"uv": [8, 0, 0, 8], "texture": "#glint", "cullface": "north"}
			}
		},
		{
			"from": [13.3, 1.3, 8.7],
			"to": [13.8, 1.8, 7.3],
			"light_emission": 15,
			"rotation": {"angle": 0, "axis": "y", "origin": [24.2, 11.6, 8.65]},
			"faces": {
				"north": {"uv": [8, 0, 0, 8], "texture": "#glint", "cullface": "north"},
				"south": {"uv": [8, 0, 0, 8], "texture": "#glint", "cullface": "north"},
				"west": {"uv": [8, 0, 0, 8], "texture": "#glint", "cullface": "north"},
				"down": {"uv": [8, 0, 0, 8], "texture": "#glint", "cullface": "north"}
			}
		},
		{
			"from": [13.8, 0.8, 8.7],
			"to": [14.3, 1.3, 7.3],
			"light_emission": 15,
			"rotation": {"angle": 0, "axis": "y", "origin": [24.7, 11.1, 8.65]},
			"faces": {
				"north": {"uv": [8, 0, 0, 8], "texture": "#glint", "cullface": "north"},
				"south": {"uv": [8, 0, 0, 8], "texture": "#glint", "cullface": "north"},
				"west": {"uv": [8, 0, 0, 8], "texture": "#glint", "cullface": "north"},
				"down": {"uv": [8, 0, 0, 8], "texture": "#glint", "cullface": "north"}
			}
		},
		{
			"from": [14.3, 0.3, 8.7],
			"to": [14.8, 0.8, 7.3],
			"light_emission": 15,
			"rotation": {"angle": 0, "axis": "y", "origin": [25.2, 10.6, 8.65]},
			"faces": {
				"north": {"uv": [8, 0, 0, 8], "texture": "#glint", "cullface": "north"},
				"south": {"uv": [8, 0, 0, 8], "texture": "#glint", "cullface": "north"},
				"west": {"uv": [8, 0, 0, 8], "texture": "#glint", "cullface": "north"},
				"down": {"uv": [8, 0, 0, 8], "texture": "#glint", "cullface": "north"}
			}
		},
		{
			"from": [14.7, 1.7, 8.7],
			"to": [15.2, 2.2, 7.3],
			"light_emission": 15,
			"rotation": {"angle": 0, "axis": "y", "origin": [25.6, 12, 8.65]},
			"faces": {
				"north": {"uv": [8, 0, 0, 8], "texture": "#glint", "cullface": "north"},
				"east": {"uv": [8, 0, 0, 8], "texture": "#glint", "cullface": "north"},
				"south": {"uv": [8, 0, 0, 8], "texture": "#glint", "cullface": "north"},
				"up": {"uv": [8, 0, 0, 8], "texture": "#glint", "cullface": "north"}
			}
		},
		{
			"from": [15.2, 1.2, 8.7],
			"to": [15.7, 1.7, 7.3],
			"light_emission": 15,
			"rotation": {"angle": 0, "axis": "y", "origin": [26.1, 11.5, 8.65]},
			"faces": {
				"north": {"uv": [8, 0, 0, 8], "texture": "#glint", "cullface": "north"},
				"east": {"uv": [8, 0, 0, 8], "texture": "#glint", "cullface": "north"},
				"south": {"uv": [8, 0, 0, 8], "texture": "#glint", "cullface": "north"},
				"up": {"uv": [8, 0, 0, 8], "texture": "#glint", "cullface": "north"}
			}
		},
		{
			"from": [15.7, 0.7, 8.7],
			"to": [16.2, 1.2, 7.3],
			"light_emission": 15,
			"rotation": {"angle": 0, "axis": "y", "origin": [26.6, 11, 8.65]},
			"faces": {
				"north": {"uv": [8, 0, 0, 8], "texture": "#glint", "cullface": "north"},
				"east": {"uv": [8, 0, 0, 8], "texture": "#glint", "cullface": "north"},
				"south": {"uv": [8, 0, 0, 8], "texture": "#glint", "cullface": "north"},
				"up": {"uv": [8, 0, 0, 8], "texture": "#glint", "cullface": "north"}
			}
		},
		{
			"from": [15.3, -0.2, 8.7],
			"to": [16.2, 0.7, 7.3],
			"light_emission": 15,
			"rotation": {"angle": 0, "axis": "y", "origin": [26.6, 10.5, 8.65]},
			"faces": {
				"north": {"uv": [8, 0, 0, 8], "texture": "#glint", "cullface": "north"},
				"east": {"uv": [8, 0, 0, 8], "texture": "#glint", "cullface": "north"},
				"south": {"uv": [8, 0, 0, 8], "texture": "#glint", "cullface": "north"},
				"down": {"uv": [8, 0, 0, 8], "texture": "#glint", "cullface": "north"}
			}
		},
		{
			"from": [11.7, 4.7, 8.7],
			"to": [12.2, 5.2, 7.3],
			"light_emission": 15,
			"rotation": {"angle": 0, "axis": "y", "origin": [22.6, 15, 8.65]},
			"faces": {
				"north": {"uv": [8, 0, 0, 8], "texture": "#glint", "cullface": "north"},
				"east": {"uv": [8, 0, 0, 8], "texture": "#glint", "cullface": "north"},
				"south": {"uv": [8, 0, 0, 8], "texture": "#glint", "cullface": "north"},
				"up": {"uv": [8, 0, 0, 8], "texture": "#glint", "cullface": "north"}
			}
		},
		{
			"from": [11.2, 5.2, 8.7],
			"to": [11.7, 5.7, 7.3],
			"light_emission": 15,
			"rotation": {"angle": 0, "axis": "y", "origin": [22.1, 15.5, 8.65]},
			"faces": {
				"north": {"uv": [8, 0, 0, 8], "texture": "#glint", "cullface": "north"},
				"east": {"uv": [8, 0, 0, 8], "texture": "#glint", "cullface": "north"},
				"south": {"uv": [8, 0, 0, 8], "texture": "#glint", "cullface": "north"},
				"up": {"uv": [8, 0, 0, 8], "texture": "#glint", "cullface": "north"}
			}
		},
		{
			"from": [12.2, 4.2, 8.7],
			"to": [12.7, 4.7, 7.3],
			"light_emission": 15,
			"rotation": {"angle": 0, "axis": "y", "origin": [23.1, 14.5, 8.65]},
			"faces": {
				"north": {"uv": [8, 0, 0, 8], "texture": "#glint", "cullface": "north"},
				"east": {"uv": [8, 0, 0, 8], "texture": "#glint", "cullface": "north"},
				"south": {"uv": [8, 0, 0, 8], "texture": "#glint", "cullface": "north"},
				"up": {"uv": [8, 0, 0, 8], "texture": "#glint", "cullface": "north"}
			}
		},
		{
			"from": [12.7, 3.7, 8.7],
			"to": [13.2, 4.2, 7.3],
			"light_emission": 15,
			"rotation": {"angle": 0, "axis": "y", "origin": [23.6, 14, 8.65]},
			"faces": {
				"north": {"uv": [8, 0, 0, 8], "texture": "#glint", "cullface": "north"},
				"east": {"uv": [8, 0, 0, 8], "texture": "#glint", "cullface": "north"},
				"south": {"uv": [8, 0, 0, 8], "texture": "#glint", "cullface": "north"},
				"up": {"uv": [8, 0, 0, 8], "texture": "#glint", "cullface": "north"}
			}
		},
		{
			"from": [10.7, 5.7, 8.7],
			"to": [11.2, 6.2, 7.3],
			"light_emission": 15,
			"rotation": {"angle": 0, "axis": "y", "origin": [21.6, 16, 8.65]},
			"faces": {
				"north": {"uv": [8, 0, 0, 8], "texture": "#glint", "cullface": "north"},
				"east": {"uv": [8, 0, 0, 8], "texture": "#glint", "cullface": "north"},
				"south": {"uv": [8, 0, 0, 8], "texture": "#glint", "cullface": "north"},
				"up": {"uv": [8, 0, 0, 8], "texture": "#glint", "cullface": "north"}
			}
		},
		{
			"from": [10.2, 6.2, 8.7],
			"to": [10.7, 6.7, 7.3],
			"light_emission": 15,
			"rotation": {"angle": 0, "axis": "y", "origin": [21.1, 16.5, 8.65]},
			"faces": {
				"north": {"uv": [8, 0, 0, 8], "texture": "#glint", "cullface": "north"},
				"east": {"uv": [8, 0, 0, 8], "texture": "#glint", "cullface": "north"},
				"south": {"uv": [8, 0, 0, 8], "texture": "#glint", "cullface": "north"},
				"up": {"uv": [8, 0, 0, 8], "texture": "#glint", "cullface": "north"}
			}
		},
		{
			"from": [9.7, 6.7, 8.7],
			"to": [10.2, 7.2, 7.3],
			"light_emission": 15,
			"rotation": {"angle": 0, "axis": "y", "origin": [20.6, 17, 8.65]},
			"faces": {
				"north": {"uv": [8, 0, 0, 8], "texture": "#glint", "cullface": "north"},
				"east": {"uv": [8, 0, 0, 8], "texture": "#glint", "cullface": "north"},
				"south": {"uv": [8, 0, 0, 8], "texture": "#glint", "cullface": "north"},
				"up": {"uv": [8, 0, 0, 8], "texture": "#glint", "cullface": "north"}
			}
		},
		{
			"from": [9.2, 7.2, 8.7],
			"to": [9.7, 7.7, 7.3],
			"light_emission": 15,
			"rotation": {"angle": 0, "axis": "y", "origin": [20.1, 17.5, 8.65]},
			"faces": {
				"north": {"uv": [8, 0, 0, 8], "texture": "#glint", "cullface": "north"},
				"east": {"uv": [8, 0, 0, 8], "texture": "#glint", "cullface": "north"},
				"south": {"uv": [8, 0, 0, 8], "texture": "#glint", "cullface": "north"},
				"up": {"uv": [8, 0, 0, 8], "texture": "#glint", "cullface": "north"}
			}
		},
		{
			"from": [7.7, 8.7, 8.7],
			"to": [8.2, 9.2, 7.3],
			"light_emission": 15,
			"rotation": {"angle": 0, "axis": "y", "origin": [18.6, 19, 8.65]},
			"faces": {
				"north": {"uv": [8, 0, 0, 8], "texture": "#glint", "cullface": "north"},
				"east": {"uv": [8, 0, 0, 8], "texture": "#glint", "cullface": "north"},
				"south": {"uv": [8, 0, 0, 8], "texture": "#glint", "cullface": "north"},
				"up": {"uv": [8, 0, 0, 8], "texture": "#glint", "cullface": "north"}
			}
		},
		{
			"from": [5.7, 10.7, 8.7],
			"to": [6.2, 11.2, 7.3],
			"light_emission": 15,
			"rotation": {"angle": 0, "axis": "y", "origin": [16.6, 21, 8.65]},
			"faces": {
				"north": {"uv": [8, 0, 0, 8], "texture": "#glint", "cullface": "north"},
				"east": {"uv": [8, 0, 0, 8], "texture": "#glint", "cullface": "north"},
				"south": {"uv": [8, 0, 0, 8], "texture": "#glint", "cullface": "north"},
				"up": {"uv": [8, 0, 0, 8], "texture": "#glint", "cullface": "north"}
			}
		},
		{
			"from": [5.2, 11.2, 8.7],
			"to": [5.7, 11.7, 7.3],
			"light_emission": 15,
			"rotation": {"angle": 0, "axis": "y", "origin": [16.1, 21.5, 8.65]},
			"faces": {
				"north": {"uv": [8, 0, 0, 8], "texture": "#glint", "cullface": "north"},
				"east": {"uv": [8, 0, 0, 8], "texture": "#glint", "cullface": "north"},
				"south": {"uv": [8, 0, 0, 8], "texture": "#glint", "cullface": "north"},
				"up": {"uv": [8, 0, 0, 8], "texture": "#glint", "cullface": "north"}
			}
		},
		{
			"from": [4.7, 11.7, 8.7],
			"to": [5.2, 12.2, 7.3],
			"light_emission": 15,
			"rotation": {"angle": 0, "axis": "y", "origin": [15.6, 22, 8.65]},
			"faces": {
				"north": {"uv": [8, 0, 0, 8], "texture": "#glint", "cullface": "north"},
				"east": {"uv": [8, 0, 0, 8], "texture": "#glint", "cullface": "north"},
				"south": {"uv": [8, 0, 0, 8], "texture": "#glint", "cullface": "north"},
				"up": {"uv": [8, 0, 0, 8], "texture": "#glint", "cullface": "north"}
			}
		},
		{
			"from": [4.2, 12.2, 8.7],
			"to": [4.7, 12.7, 7.3],
			"light_emission": 15,
			"rotation": {"angle": 0, "axis": "y", "origin": [15.1, 22.5, 8.65]},
			"faces": {
				"north": {"uv": [8, 0, 0, 8], "texture": "#glint", "cullface": "north"},
				"east": {"uv": [8, 0, 0, 8], "texture": "#glint", "cullface": "north"},
				"south": {"uv": [8, 0, 0, 8], "texture": "#glint", "cullface": "north"},
				"up": {"uv": [8, 0, 0, 8], "texture": "#glint", "cullface": "north"}
			}
		},
		{
			"from": [3.7, 12.7, 8.7],
			"to": [4.2, 13.3, 7.3],
			"light_emission": 15,
			"rotation": {"angle": 0, "axis": "y", "origin": [14.6, 23, 8.65]},
			"faces": {
				"north": {"uv": [8, 0, 0, 8], "texture": "#glint", "cullface": "north"},
				"east": {"uv": [8, 0, 0, 8], "texture": "#glint", "cullface": "north"},
				"south": {"uv": [8, 0, 0, 8], "texture": "#glint", "cullface": "north"}
			}
		},
		{
			"from": [4.2, 13.3, 8.7],
			"to": [4.7, 14.2, 7.3],
			"light_emission": 15,
			"rotation": {"angle": 0, "axis": "y", "origin": [15.1, 23.5, 8.65]},
			"faces": {
				"north": {"uv": [8, 0, 0, 8], "texture": "#glint", "cullface": "north"},
				"east": {"uv": [8, 0, 0, 8], "texture": "#glint", "cullface": "north"},
				"south": {"uv": [8, 0, 0, 8], "texture": "#glint", "cullface": "north"},
				"down": {"uv": [8, 0, 0, 8], "texture": "#glint", "cullface": "north"}
			}
		},
		{
			"from": [4.2, 14.2, 8.7],
			"to": [4.7, 14.7, 7.3],
			"light_emission": 15,
			"rotation": {"angle": 0, "axis": "y", "origin": [15.1, 24, 8.65]},
			"faces": {
				"north": {"uv": [8, 0, 0, 8], "texture": "#glint", "cullface": "north"},
				"east": {"uv": [8, 0, 0, 8], "texture": "#glint", "cullface": "north"},
				"south": {"uv": [8, 0, 0, 8], "texture": "#glint", "cullface": "north"},
				"up": {"uv": [8, 0, 0, 8], "texture": "#glint", "cullface": "north"}
			}
		},
		{
			"from": [8.2, 8.2, 8.7],
			"to": [8.7, 8.7, 7.3],
			"light_emission": 15,
			"rotation": {"angle": 0, "axis": "y", "origin": [19.1, 18.5, 8.65]},
			"faces": {
				"north": {"uv": [8, 0, 0, 8], "texture": "#glint", "cullface": "north"},
				"east": {"uv": [8, 0, 0, 8], "texture": "#glint", "cullface": "north"},
				"south": {"uv": [8, 0, 0, 8], "texture": "#glint", "cullface": "north"},
				"up": {"uv": [8, 0, 0, 8], "texture": "#glint", "cullface": "north"}
			}
		},
		{
			"from": [8.7, 7.7, 8.7],
			"to": [9.2, 8.2, 7.3],
			"light_emission": 15,
			"rotation": {"angle": 0, "axis": "y", "origin": [19.6, 18, 8.65]},
			"faces": {
				"north": {"uv": [8, 0, 0, 8], "texture": "#glint", "cullface": "north"},
				"east": {"uv": [8, 0, 0, 8], "texture": "#glint", "cullface": "north"},
				"south": {"uv": [8, 0, 0, 8], "texture": "#glint", "cullface": "north"},
				"up": {"uv": [8, 0, 0, 8], "texture": "#glint", "cullface": "north"}
			}
		},
		{
			"from": [13.2, 3.2, 8.7],
			"to": [13.7, 3.7, 7.3],
			"light_emission": 15,
			"rotation": {"angle": 0, "axis": "y", "origin": [24.1, 13.5, 8.65]},
			"faces": {
				"north": {"uv": [8, 0, 0, 8], "texture": "#glint", "cullface": "north"},
				"east": {"uv": [8, 0, 0, 8], "texture": "#glint", "cullface": "north"},
				"south": {"uv": [8, 0, 0, 8], "texture": "#glint", "cullface": "north"},
				"up": {"uv": [8, 0, 0, 8], "texture": "#glint", "cullface": "north"}
			}
		},
		{
			"from": [13.7, 2.7, 8.7],
			"to": [14.2, 3.2, 7.3],
			"light_emission": 15,
			"rotation": {"angle": 0, "axis": "y", "origin": [24.6, 13, 8.65]},
			"faces": {
				"north": {"uv": [8, 0, 0, 8], "texture": "#glint", "cullface": "north"},
				"east": {"uv": [8, 0, 0, 8], "texture": "#glint", "cullface": "north"},
				"south": {"uv": [8, 0, 0, 8], "texture": "#glint", "cullface": "north"},
				"up": {"uv": [8, 0, 0, 8], "texture": "#glint", "cullface": "north"}
			}
		},
		{
			"from": [14.2, 2.2, 8.7],
			"to": [14.7, 2.7, 7.3],
			"light_emission": 15,
			"rotation": {"angle": 0, "axis": "y", "origin": [25.1, 12.5, 8.65]},
			"faces": {
				"north": {"uv": [8, 0, 0, 8], "texture": "#glint", "cullface": "north"},
				"east": {"uv": [8, 0, 0, 8], "texture": "#glint", "cullface": "north"},
				"south": {"uv": [8, 0, 0, 8], "texture": "#glint", "cullface": "north"},
				"up": {"uv": [8, 0, 0, 8], "texture": "#glint", "cullface": "north"}
			}
		}
	],
	"gui_light": "front",
	"display": {
		"thirdperson_righthand": {
			"rotation": [5, -90, -40],
			"translation": [0, 2, 2],
			"scale": [1.7, 1.7, 0.85]
		},
		"thirdperson_lefthand": {
			"rotation": [5, 90, 40],
			"translation": [0, 2, 2],
			"scale": [1.7, 1.7, 0.85]
		},
		"firstperson_righthand": {
			"rotation": [-20, 90, -35],
			"translation": [3.13, 2, 0.13],
			"scale": [1.36, 1.36, 0.68]
		},
		"firstperson_lefthand": {
			"rotation": [-20, -90, 35],
			"translation": [3.13, 2, 0.13],
			"scale": [1.36, 1.36, 0.68]
		},
		"ground": {
			"translation": [0, 2, 0],
			"scale": [0.5, 0.5, 0.5]
		},
		"head": {
			"rotation": [0, -180, 0],
			"translation": [0, 13, 7]
		},
		"fixed": {
			"rotation": [0, -180, 0]
		}
	},
	"groups": [
		{
			"name": "model",
			"origin": [8, 8, 8],
			"color": 0,
			"children": [0, 1, 2, 3, 4, 5, 6, 7, 8, 9, 10, 11, 12, 13, 14, 15, 16, 17, 18, 19, 20, 21, 22, 23, 24, 25, 26, 27, 28, 29, 30, 31, 32]
		},
		{
			"name": "enchant_glint",
			"origin": [8, 8, 8],
			"color": 0,
			"children": [
				33,
				34,
				35,
				36,
				37,
				38,
				39,
				40,
				41,
				42,
				43,
				44,
				45,
				46,
				47,
				48,
				49,
				50,
				51,
				52,
				53,
				54,
				55,
				56,
				57,
				58,
				59,
				60,
				61,
				62,
				63,
				64,
				65,
				66,
				67,
				68,
				69,
				70,
				71,
				72,
				73,
				74,
				75,
				76,
				77,
				78,
				79,
				80,
				81,
				82,
				83,
				84,
				85,
				86,
				87,
				88,
				89,
				90,
				91,
				92,
				93,
				94,
				95,
				96,
				97,
				98,
				99,
				100,
				101,
				102,
				103,
				104,
				105,
				106,
				107,
				108,
				109,
				110,
				111,
				112,
				113,
				114,
				115,
				116,
				117,
				118,
				119,
				120,
				121,
				122,
				123,
				124,
				125,
				126,
				127,
				128,
				129,
				130,
				131,
				132,
				133,
				134,
				135,
				136,
				137,
				138,
				139,
				140,
				141,
				142,
				143,
				144,
				145,
				146,
				147,
				148,
				149,
				150,
				151,
				152
			]
		}
	]
}