{
  "model": {
    "type": "minecraft:condition",
    "property": "minecraft:has_component",
    "component": "minecraft:enchantments",
    "ignore_default": true,
    "on_true": {
      "type": "minecraft:select",
      "property": "minecraft:display_context",
      "cases": [
        {
          "when": [
            "fixed",
            "ground",
            "gui",
            "on_shelf"
          ],
          "model": {
            "type": "minecraft:model",
            "model": "minecraft:item/copper_spear"
          }
        },
        {
          "when": [
            "firstperson_lefthand",
            "firstperson_righthand"
          ],
          "model": {
            "type": "minecraft:model",
            "model": "minecraft:item/enchanted_copper_spear_in_hand_firstperson"
          }
        }
      ],
      "fallback": {
        "type": "minecraft:model",
        "model": "minecraft:item/enchanted_copper_spear_in_hand_firstperson"
      }
    },
    "on_false": {
      "type": "minecraft:select",
      "property": "minecraft:display_context",
      "cases": [
        {
          "when": [
            "fixed",
            "ground",
            "gui",
            "on_shelf"
          ],
          "model": {
            "type": "minecraft:model",
            "model": "minecraft:item/copper_spear"
          }
        }
      ],
      "fallback": {
        "type": "minecraft:model",
        "model": "minecraft:item/copper_spear_in_hand"
      }
    }
  }
}