{
  "model": {
    "type": "minecraft:condition",
    "property": "minecraft:has_component",
    "component": "minecraft:enchantments",
    "ignore_default": true,
    "on_true": {
      "type": "minecraft:select",
      "property": "minecraft:display_context",
      "cases": [
        {
          "when": ["gui", "ground", "fixed"],
          "model": {
            "type": "minecraft:select",
            "cases": [
              {
                "model": {
                  "type": "minecraft:model",
                  "model": "minecraft:item/crossbow_arrow"
                },
                "when": "arrow"
              },
              {
                "model": {
                  "type": "minecraft:model",
                  "model": "minecraft:item/crossbow_firework"
                },
                "when": "rocket"
              }
            ],
            "fallback": {
              "type": "minecraft:condition",
              "on_false": {
                "type": "minecraft:model",
                "model": "item/crossbow"
              },
              "on_true": {
                "type": "minecraft:range_dispatch",
                "entries": [
                  {
                    "model": {
                      "type": "minecraft:model",
                      "model": "item/crossbow_pulling_1"
                    },
                    "threshold": 0.58
                  },
                  {
                    "model": {
                      "type": "minecraft:model",
                      "model": "item/crossbow_pulling_2"
                    },
                    "threshold": 1.0
                  }
                ],
                "fallback": {
                  "type": "minecraft:model",
                  "model": "item/crossbow_pulling_0"
                },
                "property": "minecraft:crossbow/pull"
              },
              "property": "minecraft:using_item"
            },
            "property": "minecraft:charge_type"
          }
        },
        {
          "when": ["firstperson_lefthand", "firstperson_righthand"],
          "model": {
            "type": "minecraft:select",
            "cases": [
              {
                "model": {
                  "type": "minecraft:model",
                  "model": "item/enchanted_crossbow_arrow_firstperson"
                },
                "when": "arrow"
              },
              {
                "model": {
                  "type": "minecraft:model",
                  "model": "item/enchanted_crossbow_firework_firstperson"
                },
                "when": "rocket"
              }
            ],
            "fallback": {
              "type": "minecraft:condition",
              "on_false": {
                "type": "minecraft:model",
                "model": "item/enchanted_crossbow_firstperson"
              },
              "on_true": {
                "type": "minecraft:range_dispatch",
                "entries": [
                  {
                    "model": {
                      "type": "minecraft:model",
                      "model": "item/enchanted_crossbow_pulling_1_firstperson"
                    },
                    "threshold": 0.58
                  },
                  {
                    "model": {
                      "type": "minecraft:model",
                      "model": "item/enchanted_crossbow_pulling_2_firstperson"
                    },
                    "threshold": 1.0
                  }
                ],
                "fallback": {
                  "type": "minecraft:model",
                  "model": "item/enchanted_crossbow_pulling_0_firstperson"
                },
                "property": "minecraft:crossbow/pull"
              },
              "property": "minecraft:using_item"
            },
            "property": "minecraft:charge_type"
          }
        }
      ],
      "fallback": {
        "type": "minecraft:select",
        "cases": [
          {
            "model": {
              "type": "minecraft:model",
              "model": "item/enchanted_crossbow_arrow_firstperson"
            },
            "when": "arrow"
          },
          {
            "model": {
              "type": "minecraft:model",
              "model": "item/enchanted_crossbow_firework_firstperson"
            },
            "when": "rocket"
          }
        ],
        "fallback": {
          "type": "minecraft:condition",
          "on_false": {
            "type": "minecraft:model",
            "model": "item/enchanted_crossbow_firstperson"
          },
          "on_true": {
            "type": "minecraft:range_dispatch",
            "entries": [
              {
                "model": {
                  "type": "minecraft:model",
                  "model": "item/enchanted_crossbow_pulling_1_firstperson"
                },
                "threshold": 0.58
              },
              {
                "model": {
                  "type": "minecraft:model",
                  "model": "item/enchanted_crossbow_pulling_2_firstperson"
                },
                "threshold": 1.0
              }
            ],
            "fallback": {
              "type": "minecraft:model",
              "model": "item/enchanted_crossbow_pulling_0_firstperson"
            },
            "property": "minecraft:crossbow/pull"
          },
          "property": "minecraft:using_item"
        },
        "property": "minecraft:charge_type"
      }
    },
    "on_false": {
      "type": "minecraft:select",
      "property": "minecraft:display_context",
      "cases": [
        {
          "when": ["gui", "ground", "fixed"],
          "model": {
            "type": "minecraft:select",
            "cases": [
              {
                "model": {
                  "type": "minecraft:model",
                  "model": "minecraft:item/crossbow_arrow"
                },
                "when": "arrow"
              },
              {
                "model": {
                  "type": "minecraft:model",
                  "model": "minecraft:item/crossbow_firework"
                },
                "when": "rocket"
              }
            ],
            "fallback": {
              "type": "minecraft:condition",
              "on_false": {
                "type": "minecraft:model",
                "model": "minecraft:item/crossbow"
              },
              "on_true": {
                "type": "minecraft:range_dispatch",
                "entries": [
                  {
                    "model": {
                      "type": "minecraft:model",
                      "model": "minecraft:item/crossbow_pulling_1"
                    },
                    "threshold": 0.58
                  },
                  {
                    "model": {
                      "type": "minecraft:model",
                      "model": "minecraft:item/crossbow_pulling_2"
                    },
                    "threshold": 1.0
                  }
                ],
                "fallback": {
                  "type": "minecraft:model",
                  "model": "minecraft:item/crossbow_pulling_0"
                },
                "property": "minecraft:crossbow/pull"
              },
              "property": "minecraft:using_item"
            },
            "property": "minecraft:charge_type"
          }
        }
      ],
      "fallback": {
        "type": "minecraft:select",
        "cases": [
          {
            "model": {
              "type": "minecraft:model",
              "model": "minecraft:item/crossbow_arrow"
            },
            "when": "arrow"
          },
          {
            "model": {
              "type": "minecraft:model",
              "model": "minecraft:item/crossbow_firework"
            },
            "when": "rocket"
          }
        ],
        "fallback": {
          "type": "minecraft:condition",
          "on_false": {
            "type": "minecraft:model",
            "model": "minecraft:item/crossbow"
          },
          "on_true": {
            "type": "minecraft:range_dispatch",
            "entries": [
              {
                "model": {
                  "type": "minecraft:model",
                  "model": "minecraft:item/crossbow_pulling_1"
                },
                "threshold": 0.58
              },
              {
                "model": {
                  "type": "minecraft:model",
                  "model": "minecraft:item/crossbow_pulling_2"
                },
                "threshold": 1.0
              }
            ],
            "fallback": {
              "type": "minecraft:model",
              "model": "minecraft:item/crossbow_pulling_0"
            },
            "property": "minecraft:crossbow/pull"
          },
          "property": "minecraft:using_item"
        },
        "property": "minecraft:charge_type"
      }
    }
  }
}